2026-09-18 20:06:22 [background-preinit] INFO  o.h.validator.internal.util.Version - HV000001: Hibernate Validator 8.0.1.Final
2026-09-18 20:06:22 [main] INFO  o.lixiyun.server.ServerApplication - Starting ServerApplication using Java 17.0.20.1 with PID 30116 (D:\JavaProject\ai_mental_care\server\target\classes started by 32769 in D:\JavaProject\ai_mental_care)
2026-09-18 20:06:22 [main] INFO  o.lixiyun.server.ServerApplication - The following 1 profile is active: "dev"
2026-09-18 20:06:24 [main] INFO  o.s.d.r.c.RepositoryConfigurationDelegate - Multiple Spring Data modules found, entering strict repository configuration mode
2026-09-18 20:06:24 [main] INFO  o.s.d.r.c.RepositoryConfigurationDelegate - Bootstrapping Spring Data JDBC repositories in DEFAULT mode.
2026-09-18 20:06:24 [main] INFO  o.s.d.r.c.RepositoryConfigurationDelegate - Finished Spring Data repository scanning in 44 ms. Found 0 JDBC repository interfaces.
2026-09-18 20:06:24 [main] INFO  o.s.d.r.c.RepositoryConfigurationDelegate - Multiple Spring Data modules found, entering strict repository configuration mode
2026-09-18 20:06:24 [main] INFO  o.s.d.r.c.RepositoryConfigurationDelegate - Bootstrapping Spring Data Redis repositories in DEFAULT mode.
2026-09-18 20:06:24 [main] INFO  o.s.d.r.c.RepositoryConfigurationDelegate - Finished Spring Data repository scanning in 16 ms. Found 0 Redis repository interfaces.
2026-09-18 20:06:26 [main] INFO  io.undertow.servlet - Initializing Spring embedded WebApplicationContext
2026-09-18 20:06:26 [main] INFO  o.s.b.w.s.c.ServletWebServerApplicationContext - Root WebApplicationContext: initialization completed in 4324 ms
2026-09-18 20:06:27 [main] INFO  o.l.c.agent.prompt.utils.PromptUtil - 提示词初始化完成，共加载提示词数量：14，耗时：11ms
2026-09-18 20:06:27 [main] INFO  o.l.server.ai.handle.ScenarioHandler - 场景对话提示词加载
2026-09-18 20:06:27 [main] INFO  o.l.server.ai.handle.ScenarioHandler - 场景对话提示词加载完成-加载数量：7
2026-09-18 20:06:27 [main] INFO  c.b.d.d.DynamicRoutingDataSource - dynamic-datasource detect P6SPY plugin and enabled it
2026-09-18 20:06:27 [main] INFO  com.zaxxer.hikari.HikariDataSource - master - Starting...
2026-09-18 20:06:27 [main] INFO  com.zaxxer.hikari.pool.HikariPool - master - Added connection com.mysql.cj.jdbc.ConnectionImpl@14237e5
2026-09-18 20:06:27 [main] INFO  com.zaxxer.hikari.HikariDataSource - master - Start completed.
2026-09-18 20:06:27 [main] INFO  c.b.d.d.DynamicRoutingDataSource - dynamic-datasource - add a datasource named [master] success
2026-09-18 20:06:27 [main] INFO  c.b.d.d.DynamicRoutingDataSource - dynamic-datasource initial loaded [1] datasource,primary datasource named [master]
2026-09-18 20:06:28 [main] INFO  o.l.s.i.ai.AiNodeConfigManager - [节点配置缓存管理器] 预热开始
2026-09-18 20:06:28 [main] INFO  o.l.s.i.ai.AiNodeConfigManager - [节点配置缓存管理器] 预热完成，加载节点数：19, 完整配置节点信息：[messageStructuredProcessNode, psychologicalStateNode, symptomNormalizeNode, emotionalCompanionNode, historyMessageCompressionNode, conversationNameGenerationNode, textMessageProcessor, socialFunctionImpactNode, riskAssessmentNode, interventionSuggestionNode, diagnosisSummaryNode, historyAnalysisCompressionNode, voiceMessageProcessor, queryTransformLayerNode, comprehensiveDiagnosisNode, diseaseCourseAttributionNode, rerankLayerNode, protectiveFactorNode, emotionRecognitionNode]
2026-09-18 20:06:28 [main] INFO  o.l.s.a.n.diagnosis.graph.InputGraph - 输入侧图构建器初始化
2026-09-18 20:06:28 [main] INFO  o.l.s.a.n.diagnosis.graph.InputGraph - 开始构建输入侧图
2026-09-18 20:06:28 [main] INFO  c.a.c.a.g.internal.node.ParallelNode - Calculated core pool size: 32 (CPU cores: 16)
2026-09-18 20:06:28 [main] INFO  c.a.c.a.g.internal.node.ParallelNode - Calculated maximum pool size: 64 (CPU cores: 16)
2026-09-18 20:06:28 [main] INFO  c.a.c.a.g.internal.node.ParallelNode - Calculated queue capacity: 1000
2026-09-18 20:06:28 [main] INFO  o.l.s.a.n.diagnosis.graph.InputGraph - 输入侧图构建完成
2026-09-18 20:06:28 [main] INFO  o.l.s.ai.model.VectorStoreConfig - 配置主嵌入模型为: ollamaEmbeddingModel
2026-09-18 20:06:28 [main] INFO  o.l.s.ai.rag.milvus.MilvusConfig - Initializing MilvusClientV2 with host=8.148.155.178 port=19530
2026-09-18 20:06:30 [main] INFO  o.l.s.a.n.d.graph.KnowledgeGraph - 知识侧图构建器初始化
2026-09-18 20:06:30 [main] INFO  o.l.s.a.n.d.graph.KnowledgeGraph - 开始构建知识侧图
2026-09-18 20:06:30 [main] INFO  o.l.s.a.n.d.graph.KnowledgeGraph - 知识侧图构建完成
2026-09-18 20:06:30 [main] INFO  o.l.s.a.n.d.graph.ProcessGraph - 处理侧图构建器初始化
2026-09-18 20:06:30 [main] INFO  o.l.s.a.n.d.graph.ProcessGraph - 开始构建处理侧图
2026-09-18 20:06:30 [main] INFO  o.l.s.a.n.d.graph.ProcessGraph - 处理侧图构建完成
2026-09-18 20:06:30 [main] INFO  o.l.s.a.n.d.graph.DiagnosisGraph - 诊断主流程图构建器初始化
2026-09-18 20:06:30 [main] INFO  o.l.s.a.n.d.graph.DiagnosisGraph - 开始构建诊断主流程图
2026-09-18 20:06:30 [main] INFO  o.l.s.a.n.d.graph.DiagnosisGraph - 诊断主流程图构建完成
2026-09-18 20:06:30 [main] INFO  o.l.server.ai.rag.graph.RagGraph - RAG图构建器初始化
2026-09-18 20:06:30 [main] INFO  o.l.server.ai.rag.graph.RagGraph - 开始构建RAG图
2026-09-18 20:06:30 [main] INFO  o.l.server.ai.rag.graph.RagGraph - RAG图构建完成
2026-09-18 20:06:31 [main] INFO  o.l.s.i.audio.TtsConnectionManager - TTS NLS Token获取成功，过期时间：1789862787
2026-09-18 20:06:32 [main] INFO  o.l.s.i.audio.TtsConnectionManager - TTS NlsClient初始化完成，gatewayUrl：wss://nls-gateway-cn-shenzhen.aliyuncs.com/ws/v1
2026-09-18 20:06:32 [main] INFO  o.l.s.i.audio.TtsConnectionManager - TTS连接管理器初始化完成，最大会话数：100，空闲超时：60s
2026-09-18 20:06:32 [main] INFO  o.l.s.i.audio.AsrConnectionManager - NLS Token获取成功，过期时间：1789862787
2026-09-18 20:06:32 [main] INFO  o.l.s.i.audio.AsrConnectionManager - NlsClient初始化完成，gatewayUrl：wss://nls-gateway-cn-shanghai.aliyuncs.com/ws/v1
2026-09-18 20:06:32 [main] INFO  o.l.s.i.audio.AsrConnectionManager - ASR连接管理器初始化完成，最大会话数：100，空闲超时：60s
2026-09-18 20:06:32 [main] INFO  o.l.c.core.config.ThreadPoolConfig - ====创建定时任务线程池====
2026-09-18 20:06:32 [main] INFO  o.l.c.a.s.config.SkillInitializer - ========== 开始Skill全局影子表初始化 ==========
2026-09-18 20:06:32 [main] INFO  org.redisson.Version - Redisson 3.20.1
2026-09-18 20:06:33 [redisson-netty-4-5] INFO  o.r.c.p.MasterPubSubConnectionPool - 1 connections initialized for localhost/127.0.0.1:6379
2026-09-18 20:06:33 [redisson-netty-4-20] INFO  o.r.c.pool.MasterConnectionPool - 24 connections initialized for localhost/127.0.0.1:6379
2026-09-18 20:06:33 [main] INFO  o.l.c.a.s.config.SkillInitializer - 【Skill项目初始化】Redis中已存在全局影子表，跳过构建
2026-09-18 20:06:33 [main] INFO  o.l.c.a.s.config.SkillInitializer - ========== Skill全局影子表初始化成功，耗时：633ms ==========
2026-09-18 20:06:34 [main] INFO  o.s.b.a.e.web.EndpointLinksResolver - Exposing 14 endpoints beneath base path '/actuator'
2026-09-18 20:06:35 [main] INFO  c.b.m.e.s.MybatisPlusApplicationContextAware - Register ApplicationContext instances org.springframework.boot.web.servlet.context.AnnotationConfigServletWebServerApplicationContext@1a5b8489
2026-09-18 20:06:38 [main] INFO  o.s.m.s.b.SimpleBrokerMessageHandler - Starting...
2026-09-18 20:06:38 [main] INFO  o.s.m.s.b.SimpleBrokerMessageHandler - BrokerAvailabilityEvent[available=true, SimpleBrokerMessageHandler [org.springframework.messaging.simp.broker.DefaultSubscriptionRegistry@b6942c3]]
2026-09-18 20:06:38 [main] INFO  o.s.m.s.b.SimpleBrokerMessageHandler - Started.
2026-09-18 20:06:38 [main] INFO  io.undertow - starting server: Undertow - 2.3.18.Final
2026-09-18 20:06:38 [main] INFO  org.xnio - XNIO version 3.8.16.Final
2026-09-18 20:06:38 [main] INFO  org.xnio.nio - XNIO NIO Implementation Version 3.8.16.Final
2026-09-18 20:06:38 [main] INFO  org.jboss.threads - JBoss Threads version 3.5.0.Final
2026-09-18 20:06:38 [main] INFO  o.s.b.w.e.undertow.UndertowWebServer - Undertow started on port 8088 (http) with context path '/'
2026-09-18 20:06:38 [main] INFO  o.lixiyun.server.ServerApplication - Started ServerApplication in 16.571 seconds (process running for 17.883)
2026-09-18 20:06:58 [XNIO-1 task-2] INFO  io.undertow.servlet - Initializing Spring DispatcherServlet 'dispatcherServlet'
2026-09-18 20:06:58 [XNIO-1 task-2] INFO  o.s.web.servlet.DispatcherServlet - Initializing Servlet 'dispatcherServlet'
2026-09-18 20:06:58 [XNIO-1 task-2] INFO  o.s.web.servlet.DispatcherServlet - Completed initialization in 26 ms
2026-09-18 20:06:58 [XNIO-1 task-2] INFO  o.l.c.a.f.JwtAuthenticationTokenFilter - 请求匹配放行规则: /ws/ai-mental-care/info
2026-09-18 20:06:59 [XNIO-1 task-3] INFO  o.l.c.a.f.JwtAuthenticationTokenFilter - 请求匹配放行规则: /ws/ai-mental-care/830/d23rqijw/websocket
2026-09-18 20:06:59 [XNIO-1 I/O-1] INFO  o.l.c.w.i.WebSocketInboundInterceptor - WebSocket客户端消息前置拦截器-建立会话，用户身份：null
2026-09-18 20:06:59 [XNIO-1 I/O-1] INFO  o.l.c.w.i.WebSocketInboundInterceptor - WebSocket客户端消息前置拦截器-连接成功，用户ID：2096823365855289345，类型：USER
2026-09-18 20:06:59 [clientOutboundChannel-1] INFO  o.l.c.w.l.WebSocketEventListener - 客户端上线-用户ID：2096823365855289345
2026-09-18 20:06:59 [XNIO-1 task-3] INFO  o.l.c.a.f.JwtAuthenticationTokenFilter - 开始令牌校验
2026-09-18 20:06:59 [XNIO-1 task-3] INFO  o.l.c.a.f.JwtAuthenticationTokenFilter - 令牌中存放的id为2096823365855289345，类型为USER
2026-09-18 20:06:59 [XNIO-1 task-3] INFO  o.l.s.c.u.c.ConversationController - 分页查询会话列表: 1, 20
2026-09-18 20:07:03 [XNIO-1 task-3] INFO  o.l.c.a.f.JwtAuthenticationTokenFilter - 开始令牌校验
2026-09-18 20:07:03 [XNIO-1 task-3] INFO  o.l.c.a.f.JwtAuthenticationTokenFilter - 令牌中存放的id为2096823365855289345，类型为USER
2026-09-18 20:07:03 [XNIO-1 task-3] INFO  o.l.c.a.aspect.CurrentLimitingAspect - 接口限流切面方法开始
2026-09-18 20:07:03 [XNIO-1 task-3] INFO  o.l.s.c.u.conversation.AIController - 接收用户消息发送请求：UserMessageSendDTO(message=你好, conversationId=null)
2026-09-18 20:07:03 [XNIO-1 task-3] INFO  o.l.s.s.impl.user.AIChatServiceImpl - 开始处理用户消息发送，用户ID：2096823365855289345，会话ID：null，消息内容：你好
2026-09-18 20:07:03 [XNIO-1 task-3] INFO  o.l.s.s.impl.user.AIChatServiceImpl - 新会话创建成功，会话ID：2100919529693134849，用户ID：2096823365855289345
2026-09-18 20:07:03 [XNIO-1 task-3] INFO  o.l.s.s.impl.user.AIChatServiceImpl - 用户消息发送完成，会话ID：2100919529693134849，当前轮次：1
2026-09-18 20:07:03 [XNIO-1 I/O-1] INFO  o.l.c.w.i.WebSocketInboundInterceptor - WebSocket客户端消息前置拦截器-订阅成功，用户ID：2096823365855289345，订阅路径：/user/queue/text/reply/2100919529693134849，订阅ID：sub-0
2026-09-18 20:07:03 [XNIO-1 I/O-1] INFO  o.l.c.w.i.WebSocketInboundInterceptor - WebSocket客户端消息前置拦截器-订阅成功，用户ID：2096823365855289345，订阅路径：/user/queue/conversation/name/2100919529693134849，订阅ID：sub-1
2026-09-18 20:07:03 [XNIO-1 task-3] INFO  o.l.c.a.f.JwtAuthenticationTokenFilter - 开始令牌校验
2026-09-18 20:07:03 [XNIO-1 task-3] INFO  o.l.c.a.f.JwtAuthenticationTokenFilter - 令牌中存放的id为2096823365855289345，类型为USER
2026-09-18 20:07:08 [audio-aggregate-proc-0] INFO  o.l.s.s.ConversationAggregateScheduler - 从ZSet集合中移除会话ID成功，开始处理会话消息，会话ID：2100919529693134849
2026-09-18 20:07:08 [XNIO-1 task-3] INFO  o.l.s.c.u.c.ConversationController - 分页查询会话列表: 1, 20
2026-09-18 20:07:08 [audio-aggregate-proc-0] INFO  o.l.s.i.c.ConversationMessageProcessor - [流程编排] 开始会话消息处理，会话ID：2100919529693134849
2026-09-18 20:07:08 [audio-aggregate-proc-0] INFO  o.l.s.i.c.ConversationCacheManager - 开始会话缓存加载，会话ID：2100919529693134849
2026-09-18 20:07:08 [audio-aggregate-proc-0] INFO  o.l.s.i.c.ConversationCacheManager - 会话数据缓存成功，Key：conversation:cache:2100919529693134849，过期时间：10800秒
2026-09-18 20:07:08 [audio-aggregate-proc-0] INFO  o.l.s.i.c.ConversationCacheManager - [缓存] 会话缓存加载完成，会话ID：2100919529693134849
2026-09-18 20:07:08 [audio-aggregate-proc-0] INFO  o.l.s.i.c.ConversationMessageProcessor - [主线程] 开始主线程执行，会话ID：2100919529693134849，执行器：TextMessageProcessor
2026-09-18 20:07:08 [audio-aggregate-proc-0] INFO  o.l.s.i.c.ConversationMessageProcessor - [主线程] 开始调用消息处理器，会话ID：2100919529693134849
2026-09-18 20:07:08 [audio-aggregate-proc-0] INFO  o.l.s.i.c.p.TextMessageProcessor - [AI对话文本处理器] 开始文本消息处理，会话ID：2100919529693134849，临时消息数：1
2026-09-18 20:07:08 [audio-aggregate-proc-0] INFO  o.l.s.i.c.p.TextMessageProcessor - [AI对话文本处理器] 流式订阅已启动，会话ID：2100919529693134849，用户ID：2096823365855289345
2026-09-18 20:07:08 [audio-aggregate-proc-0] INFO  o.l.s.i.c.ConversationMessageProcessor - [主线程] 主线程执行完成，会话ID：2100919529693134849，耗时：85ms
2026-09-18 20:07:08 [DiagnosisThread-2] INFO  o.l.s.i.c.ConversationAiService - 分析与诊断功能，会话ID：2100919529693134849
2026-09-18 20:07:08 [DiagnosisThread-3] INFO  o.l.s.i.c.ConversationMessageProcessor - [会话命名] 首次对话，开始生成会话名称，会话ID：2100919529693134849
2026-09-18 20:07:08 [audio-aggregate-proc-0] INFO  o.l.s.i.c.ConversationMessageProcessor - [流程编排] 会话消息处理完成，会话ID：2100919529693134849，处理消息数：1
2026-09-18 20:07:10 [DiagnosisThread-3] INFO  o.l.s.i.c.ConversationMessageProcessor - [会话命名] 会话名称生成完成，会话ID：2100919529693134849，名称：新对话
2026-09-18 20:07:10 [XNIO-1 task-3] INFO  o.l.c.a.f.JwtAuthenticationTokenFilter - 开始令牌校验
2026-09-18 20:07:10 [XNIO-1 task-3] INFO  o.l.c.a.f.JwtAuthenticationTokenFilter - 令牌中存放的id为2096823365855289345，类型为USER
2026-09-18 20:07:10 [XNIO-1 task-3] INFO  o.l.s.c.u.c.ConversationController - 分页查询会话列表: 1, 20
2026-09-18 20:07:10 [boundedElastic-2] INFO  o.l.s.a.m.p.d.LoggingDecorator - [模型流式输出-日志装饰器] 流式完成，会话ID：2100919529693134849，模型正文完整内容：嘿，你好呀～很高兴你来找我聊天 😊

不知道今天过得怎么样，是有什么事儿想聊聊，还是就想找个人说说话？都没关系，我在这儿呢。

想说什么都可以，开心的、烦心的，我都愿意听。
2026-09-18 20:07:10 [boundedElastic-2] INFO  o.l.s.a.i.s.ConversationHistoryMessagesStorage - 开始批量保存会话消息，用户ID：2096823365855289345，会话ID：2100919529693134849，轮次：1，消息数量：1
2026-09-18 20:07:10 [boundedElastic-2] INFO  o.l.s.a.i.s.ConversationHistoryMessagesStorage - 会话消息批量保存成功，用户ID：2096823365855289345，会话ID：2100919529693134849，保存数量：1
2026-09-18 20:07:10 [boundedElastic-2] INFO  o.l.s.a.m.p.d.MessagePersistDecorator - [模型流式输出-消息持久化装饰器] 持久化模型完整消息，会话ID：2100919529693134849，轮次：1
2026-09-18 20:07:10 [boundedElastic-2] INFO  o.l.s.i.c.p.TextMessageProcessor - [AI对话文本处理器] 流式完成，会话ID：2100919529693134849
2026-09-18 20:07:10 [boundedElastic-2] INFO  o.l.s.i.c.p.TextMessageProcessor - [AI对话文本处理器]-更新Redis缓存历史上下文，会话ID：2100919529693134849
2026-09-18 20:07:10 [boundedElastic-2] INFO  o.l.s.i.c.p.TextMessageProcessor - [AI对话文本处理器]-缓存历史上下文更新成功，当前消息数：2，会话ID：2100919529693134849
2026-09-18 20:07:10 [boundedElastic-2] INFO  o.l.s.a.m.p.d.LoggingDecorator - [模型流式输出-日志装饰器] 流式处理流程结束，会话ID：2100919529693134849
2026-09-18 20:07:10 [boundedElastic-2] INFO  o.l.s.i.c.p.TextMessageProcessor - [AI对话文本处理器]-流式处理完成，会话ID：2100919529693134849，用户ID：2096823365855289345
2026-09-18 20:07:11 [DiagnosisThread-2] INFO  o.l.s.a.n.c.EmotionRecognitionNode - [情感识别节点] 情感分析结果已持久化，会话ID：2100919529693134849，轮次：1
2026-09-18 20:07:11 [DiagnosisThread-2] INFO  o.l.s.a.n.c.EmotionRecognitionNode - [情感识别节点] 情感分析结果已追加至Redis缓存，会话ID：2100919529693134849，轮次：1，当前缓存条数：1
2026-09-18 20:07:11 [DiagnosisThread-2] INFO  o.l.s.ai.node.diagnosis.InputNode - 诊断流程-输入侧节点-开始
2026-09-18 20:07:11 [DiagnosisThread-2] INFO  o.l.s.a.n.d.input.PreCleanNode - 输入侧-数据预清洗-开始
2026-09-18 20:07:11 [DiagnosisThread-2] INFO  o.l.s.a.n.d.input.PreCleanNode - 输入侧-数据预清洗-消息时序排序完成，总消息数：2
2026-09-18 20:07:11 [DiagnosisThread-2] INFO  o.l.s.a.n.d.input.PreCleanNode - 输入侧-数据预清洗-轮次聚合与有效性校验完成，轮次数：1
2026-09-18 20:07:11 [DiagnosisThread-2] INFO  o.l.s.a.n.d.input.PreCleanNode - 输入侧-数据预清洗-完成
2026-09-18 20:07:11 [parallel-node-action-thread-3] INFO  o.l.s.a.n.d.i.HistoryDiagnosisSummaryNode - 输入侧-历史诊断摘要聚合-开始
2026-09-18 20:07:11 [parallel-node-action-thread-2] INFO  o.l.s.a.n.d.i.EmotionStatisticsNode - 输入侧-情绪数据处理-开始
2026-09-18 20:07:11 [parallel-node-action-thread-1] INFO  o.l.s.a.n.d.i.MessageStructuredProcessNode - 输入侧-消息结构化处理-开始
2026-09-18 20:07:11 [parallel-node-action-thread-1] INFO  o.l.s.a.n.d.i.MessageStructuredProcessNode - 输入侧-消息结构化处理-有效轮次筛选完成，有效轮次数：1
2026-09-18 20:07:11 [parallel-node-action-thread-1] INFO  o.l.s.a.n.d.i.MessageStructuredProcessNode - 输入侧-消息结构化处理-分支A-有效轮次(1)未达到阈值(3)，返回对话原文
2026-09-18 20:07:11 [parallel-node-action-thread-1] INFO  o.l.s.a.n.d.i.MessageStructuredProcessNode - 输入侧-消息结构化处理-完成
2026-09-18 20:07:11 [parallel-node-action-thread-2] INFO  o.l.s.a.n.d.i.EmotionStatisticsNode - 输入侧-情绪数据处理-无有效情绪数据，终止诊断流程
2026-09-18 20:07:11 [parallel-node-action-thread-2] INFO  o.l.s.a.n.d.i.EmotionStatisticsNode - 输入侧-情绪数据处理-完成
2026-09-18 20:07:11 [parallel-node-action-thread-3] INFO  o.l.s.a.n.d.i.HistoryDiagnosisSummaryNode - 输入侧-历史诊断摘要聚合-无历史诊断记录，返回首次诊断空摘要格式化提示词
2026-09-18 20:07:11 [parallel-node-action-thread-3] INFO  o.l.s.a.n.d.i.HistoryDiagnosisSummaryNode - 输入侧-历史诊断摘要聚合-完成
2026-09-18 20:07:11 [parallel-node-action-thread-3] INFO  o.l.s.a.n.d.i.SymptomNormalizeNode - 输入侧-语义归一化处理-开始
2026-09-18 20:07:11 [parallel-node-action-thread-3] INFO  o.l.s.a.n.d.i.SymptomNormalizeNode - 输入侧-语义归一化处理-症状原文列表为空，终止诊断流程
2026-09-18 20:07:11 [DiagnosisThread-2] INFO  o.l.s.ai.node.diagnosis.InputNode - 诊断流程-输入侧节点-输入侧流程被中断，终止诊断流程
2026-09-18 20:07:11 [DiagnosisThread-2] INFO  o.l.s.ai.node.diagnosis.InputNode - 诊断流程-输入侧节点-完成
2026-09-18 20:07:13 [XNIO-1 task-3] INFO  o.l.c.a.f.JwtAuthenticationTokenFilter - 请求匹配放行规则: /temp/conversation-test/send
2026-09-18 20:07:13 [XNIO-1 task-3] INFO  o.l.c.a.f.JwtAuthenticationTokenFilter - 令牌中存放的id为2096823365855289345，类型为USER
2026-09-18 20:07:13 [XNIO-1 task-3] INFO  o.l.s.c.t.ConversationTestController - [测试-发送消息] 会话ID：2100919529693134849,消息内容：嘿，你好呀～很高兴你来找我聊天 😊不知道今天过得怎么样，是有什么事儿想聊聊，还是就想找个人说说话？都没关系，我在这儿呢。

想说什么都可以，开心的、烦心的，我都愿意听。
2026-09-18 20:07:14 [XNIO-1 task-3] INFO  o.l.s.c.t.ConversationTestController - [测试-发送消息] 模型同步调用完成，回复内容：嗯……你好。

也没什么，就……待在宿舍。
2026-09-18 20:07:15 [XNIO-1 task-3] INFO  o.l.c.a.f.JwtAuthenticationTokenFilter - 开始令牌校验
2026-09-18 20:07:15 [XNIO-1 task-3] INFO  o.l.c.a.f.JwtAuthenticationTokenFilter - 令牌中存放的id为2096823365855289345，类型为USER
2026-09-18 20:07:15 [XNIO-1 task-3] INFO  o.l.c.a.aspect.CurrentLimitingAspect - 接口限流切面方法开始
2026-09-18 20:07:15 [XNIO-1 task-3] INFO  o.l.s.c.u.conversation.AIController - 接收用户消息发送请求：UserMessageSendDTO(message=嗯……你好。

也没什么，就……待在宿舍。, conversationId=2100919529693134849)
2026-09-18 20:07:15 [XNIO-1 task-3] INFO  o.l.s.s.impl.user.AIChatServiceImpl - 开始处理用户消息发送，用户ID：2096823365855289345，会话ID：2100919529693134849，消息内容：嗯……你好。

也没什么，就……待在宿舍。
2026-09-18 20:07:15 [XNIO-1 task-3] INFO  o.l.s.s.impl.user.AIChatServiceImpl - 用户消息发送完成，会话ID：2100919529693134849，当前轮次：2
2026-09-18 20:07:15 [XNIO-1 task-3] INFO  o.l.c.a.f.JwtAuthenticationTokenFilter - 开始令牌校验
2026-09-18 20:07:15 [XNIO-1 task-3] INFO  o.l.c.a.f.JwtAuthenticationTokenFilter - 令牌中存放的id为2096823365855289345，类型为USER
2026-09-18 20:07:15 [XNIO-1 task-3] INFO  o.l.s.c.u.c.DialogueController - 分页查询对话记录: 2, 20, 2100919529693134849
2026-09-18 20:07:18 [audio-aggregate-proc-1] INFO  o.l.s.s.ConversationAggregateScheduler - 从ZSet集合中移除会话ID成功，开始处理会话消息，会话ID：2100919529693134849
2026-09-18 20:07:18 [audio-aggregate-proc-1] INFO  o.l.s.i.c.ConversationMessageProcessor - [流程编排] 开始会话消息处理，会话ID：2100919529693134849
2026-09-18 20:07:18 [audio-aggregate-proc-1] INFO  o.l.s.i.c.ConversationCacheManager - 开始会话缓存加载，会话ID：2100919529693134849
2026-09-18 20:07:18 [audio-aggregate-proc-1] INFO  o.l.s.i.c.ConversationMessageProcessor - [主线程] 开始主线程执行，会话ID：2100919529693134849，执行器：TextMessageProcessor
2026-09-18 20:07:18 [audio-aggregate-proc-1] INFO  o.l.s.i.c.ConversationMessageProcessor - [主线程] 开始调用消息处理器，会话ID：2100919529693134849
2026-09-18 20:07:18 [audio-aggregate-proc-1] INFO  o.l.s.i.c.p.TextMessageProcessor - [AI对话文本处理器] 开始文本消息处理，会话ID：2100919529693134849，临时消息数：1
2026-09-18 20:07:18 [audio-aggregate-proc-1] INFO  o.l.s.i.c.p.TextMessageProcessor - [AI对话文本处理器] 流式订阅已启动，会话ID：2100919529693134849，用户ID：2096823365855289345
2026-09-18 20:07:18 [audio-aggregate-proc-1] INFO  o.l.s.i.c.ConversationMessageProcessor - [主线程] 主线程执行完成，会话ID：2100919529693134849，耗时：3ms
2026-09-18 20:07:18 [DiagnosisThread-5] INFO  o.l.s.i.c.ConversationAiService - 分析与诊断功能，会话ID：2100919529693134849
2026-09-18 20:07:18 [audio-aggregate-proc-1] INFO  o.l.s.i.c.ConversationMessageProcessor - [流程编排] 会话消息处理完成，会话ID：2100919529693134849，处理消息数：1
2026-09-18 20:07:19 [boundedElastic-1] INFO  o.l.s.a.m.p.d.LoggingDecorator - [模型流式输出-日志装饰器] 流式完成，会话ID：2100919529693134849，模型正文完整内容：嗯嗯，待在宿舍呀～听起来今天可能有点安静，甚至有点闷闷的？

没关系，也不用非得有什么事儿才能聊天。有时候就是想有个人在旁边说说话，这种时候我也懂。

你现在是在床上躺着，还是坐着发呆呢？要不要跟我说说今天都干了啥，哪怕是吃了什么、看了什么，我都挺想听的 😊
2026-09-18 20:07:19 [boundedElastic-1] INFO  o.l.s.a.i.s.ConversationHistoryMessagesStorage - 开始批量保存会话消息，用户ID：2096823365855289345，会话ID：2100919529693134849，轮次：2，消息数量：1
2026-09-18 20:07:19 [boundedElastic-1] INFO  o.l.s.a.i.s.ConversationHistoryMessagesStorage - 会话消息批量保存成功，用户ID：2096823365855289345，会话ID：2100919529693134849，保存数量：1
2026-09-18 20:07:19 [boundedElastic-1] INFO  o.l.s.a.m.p.d.MessagePersistDecorator - [模型流式输出-消息持久化装饰器] 持久化模型完整消息，会话ID：2100919529693134849，轮次：2
2026-09-18 20:07:19 [boundedElastic-1] INFO  o.l.s.i.c.p.TextMessageProcessor - [AI对话文本处理器] 流式完成，会话ID：2100919529693134849
2026-09-18 20:07:19 [boundedElastic-1] INFO  o.l.s.i.c.p.TextMessageProcessor - [AI对话文本处理器]-更新Redis缓存历史上下文，会话ID：2100919529693134849
2026-09-18 20:07:19 [boundedElastic-1] INFO  o.l.s.i.c.p.TextMessageProcessor - [AI对话文本处理器]-缓存历史上下文更新成功，当前消息数：4，会话ID：2100919529693134849
2026-09-18 20:07:19 [boundedElastic-1] INFO  o.l.s.a.m.p.d.LoggingDecorator - [模型流式输出-日志装饰器] 流式处理流程结束，会话ID：2100919529693134849
2026-09-18 20:07:19 [boundedElastic-1] INFO  o.l.s.i.c.p.TextMessageProcessor - [AI对话文本处理器]-流式处理完成，会话ID：2100919529693134849，用户ID：2096823365855289345
2026-09-18 20:07:21 [XNIO-1 task-3] INFO  o.l.c.a.f.JwtAuthenticationTokenFilter - 请求匹配放行规则: /temp/conversation-test/send
2026-09-18 20:07:21 [XNIO-1 task-3] INFO  o.l.c.a.f.JwtAuthenticationTokenFilter - 令牌中存放的id为2096823365855289345，类型为USER
2026-09-18 20:07:21 [XNIO-1 task-3] INFO  o.l.s.c.t.ConversationTestController - [测试-发送消息] 会话ID：2100919529693134849,消息内容：嗯嗯，待在宿舍呀～听起来今天可能有点安静，甚至有点闷闷的？

没关系，也不用非得有什么事儿才能聊天。有时候就是想有个人在旁边说说话，这种时候我也懂。

你现在是在床上躺着，还是坐着发呆呢？要不要跟我说说今天都干了啥，哪怕是吃了什么、看了什么，我都挺想听的 😊
2026-09-18 20:07:23 [XNIO-1 task-3] INFO  o.l.s.c.t.ConversationTestController - [测试-发送消息] 模型同步调用完成，回复内容：……在床上。

也没干什么，就躺着。
2026-09-18 20:07:23 [XNIO-1 task-3] INFO  o.l.c.a.f.JwtAuthenticationTokenFilter - 开始令牌校验
2026-09-18 20:07:23 [XNIO-1 task-3] INFO  o.l.c.a.f.JwtAuthenticationTokenFilter - 令牌中存放的id为2096823365855289345，类型为USER
2026-09-18 20:07:23 [XNIO-1 task-3] INFO  o.l.c.a.aspect.CurrentLimitingAspect - 接口限流切面方法开始
2026-09-18 20:07:23 [XNIO-1 task-3] INFO  o.l.s.c.u.conversation.AIController - 接收用户消息发送请求：UserMessageSendDTO(message=……在床上。

也没干什么，就躺着。, conversationId=2100919529693134849)
2026-09-18 20:07:23 [XNIO-1 task-3] INFO  o.l.s.s.impl.user.AIChatServiceImpl - 开始处理用户消息发送，用户ID：2096823365855289345，会话ID：2100919529693134849，消息内容：……在床上。

也没干什么，就躺着。
2026-09-18 20:07:23 [XNIO-1 task-3] INFO  o.l.s.s.impl.user.AIChatServiceImpl - 用户消息发送完成，会话ID：2100919529693134849，当前轮次：3
2026-09-18 20:07:23 [DiagnosisThread-5] INFO  o.l.s.a.n.c.EmotionRecognitionNode - [情感识别节点] 情感分析结果已持久化，会话ID：2100919529693134849，轮次：2
2026-09-18 20:07:23 [DiagnosisThread-5] INFO  o.l.s.a.n.c.EmotionRecognitionNode - [情感识别节点] 情感分析结果已追加至Redis缓存，会话ID：2100919529693134849，轮次：2，当前缓存条数：2
2026-09-18 20:07:24 [DiagnosisThread-5] INFO  o.l.s.ai.node.diagnosis.InputNode - 诊断流程-输入侧节点-开始
2026-09-18 20:07:24 [DiagnosisThread-5] INFO  o.l.s.a.n.d.input.PreCleanNode - 输入侧-数据预清洗-开始
2026-09-18 20:07:24 [DiagnosisThread-5] INFO  o.l.s.a.n.d.input.PreCleanNode - 输入侧-数据预清洗-消息时序排序完成，总消息数：4
2026-09-18 20:07:24 [DiagnosisThread-5] INFO  o.l.s.a.n.d.input.PreCleanNode - 输入侧-数据预清洗-轮次聚合与有效性校验完成，轮次数：2
2026-09-18 20:07:24 [DiagnosisThread-5] INFO  o.l.s.a.n.d.input.PreCleanNode - 输入侧-数据预清洗-完成
2026-09-18 20:07:24 [parallel-node-action-thread-6] INFO  o.l.s.a.n.d.i.HistoryDiagnosisSummaryNode - 输入侧-历史诊断摘要聚合-开始
2026-09-18 20:07:24 [parallel-node-action-thread-5] INFO  o.l.s.a.n.d.i.EmotionStatisticsNode - 输入侧-情绪数据处理-开始
2026-09-18 20:07:24 [parallel-node-action-thread-4] INFO  o.l.s.a.n.d.i.MessageStructuredProcessNode - 输入侧-消息结构化处理-开始
2026-09-18 20:07:24 [parallel-node-action-thread-4] INFO  o.l.s.a.n.d.i.MessageStructuredProcessNode - 输入侧-消息结构化处理-有效轮次筛选完成，有效轮次数：2
2026-09-18 20:07:24 [parallel-node-action-thread-4] INFO  o.l.s.a.n.d.i.MessageStructuredProcessNode - 输入侧-消息结构化处理-分支A-有效轮次(2)未达到阈值(3)，返回对话原文
2026-09-18 20:07:24 [parallel-node-action-thread-5] INFO  o.l.s.a.n.d.i.EmotionStatisticsNode - 输入侧-情绪数据处理-有效情绪轮次数：1
2026-09-18 20:07:24 [parallel-node-action-thread-4] INFO  o.l.s.a.n.d.i.MessageStructuredProcessNode - 输入侧-消息结构化处理-完成
2026-09-18 20:07:24 [parallel-node-action-thread-6] INFO  o.l.s.a.n.d.i.HistoryDiagnosisSummaryNode - 输入侧-历史诊断摘要聚合-无历史诊断记录，返回首次诊断空摘要格式化提示词
2026-09-18 20:07:24 [parallel-node-action-thread-6] INFO  o.l.s.a.n.d.i.HistoryDiagnosisSummaryNode - 输入侧-历史诊断摘要聚合-完成
2026-09-18 20:07:24 [parallel-node-action-thread-5] INFO  o.l.s.a.n.d.i.EmotionStatisticsNode - 输入侧-情绪数据处理-完成
2026-09-18 20:07:24 [parallel-node-action-thread-5] INFO  o.l.s.a.n.d.i.SymptomNormalizeNode - 输入侧-语义归一化处理-开始
2026-09-18 20:07:24 [parallel-node-action-thread-5] INFO  o.l.s.a.n.d.i.SymptomNormalizeNode - 输入侧-语义归一化处理-症状原文列表为空，终止诊断流程
2026-09-18 20:07:24 [DiagnosisThread-5] INFO  o.l.s.ai.node.diagnosis.InputNode - 诊断流程-输入侧节点-输入侧流程被中断，终止诊断流程
2026-09-18 20:07:24 [DiagnosisThread-5] INFO  o.l.s.ai.node.diagnosis.InputNode - 诊断流程-输入侧节点-完成
2026-09-18 20:07:26 [audio-aggregate-proc-2] INFO  o.l.s.s.ConversationAggregateScheduler - 从ZSet集合中移除会话ID成功，开始处理会话消息，会话ID：2100919529693134849
2026-09-18 20:07:26 [audio-aggregate-proc-2] INFO  o.l.s.i.c.ConversationMessageProcessor - [流程编排] 开始会话消息处理，会话ID：2100919529693134849
2026-09-18 20:07:26 [audio-aggregate-proc-2] INFO  o.l.s.i.c.ConversationCacheManager - 开始会话缓存加载，会话ID：2100919529693134849
2026-09-18 20:07:26 [audio-aggregate-proc-2] INFO  o.l.s.i.c.ConversationMessageProcessor - [主线程] 开始主线程执行，会话ID：2100919529693134849，执行器：TextMessageProcessor
2026-09-18 20:07:26 [audio-aggregate-proc-2] INFO  o.l.s.i.c.ConversationMessageProcessor - [主线程] 开始调用消息处理器，会话ID：2100919529693134849
2026-09-18 20:07:26 [audio-aggregate-proc-2] INFO  o.l.s.i.c.p.TextMessageProcessor - [AI对话文本处理器] 开始文本消息处理，会话ID：2100919529693134849，临时消息数：1
2026-09-18 20:07:26 [audio-aggregate-proc-2] INFO  o.l.s.i.c.p.TextMessageProcessor - [AI对话文本处理器] 流式订阅已启动，会话ID：2100919529693134849，用户ID：2096823365855289345
2026-09-18 20:07:26 [audio-aggregate-proc-2] INFO  o.l.s.i.c.ConversationMessageProcessor - [主线程] 主线程执行完成，会话ID：2100919529693134849，耗时：3ms
2026-09-18 20:07:26 [DiagnosisThread-11] INFO  o.l.s.i.c.ConversationAiService - 分析与诊断功能，会话ID：2100919529693134849
2026-09-18 20:07:26 [audio-aggregate-proc-2] INFO  o.l.s.i.c.ConversationMessageProcessor - [流程编排] 会话消息处理完成，会话ID：2100919529693134849，处理消息数：1
2026-09-18 20:07:28 [boundedElastic-2] INFO  o.l.s.a.m.p.d.LoggingDecorator - [模型流式输出-日志装饰器] 流式完成，会话ID：2100919529693134849，模型正文完整内容：嗯，躺着就躺着吧，不用非得干点什么才对得起这一天。有时候人就是会这样，什么都不想做，只想窝在床上，这种感觉我也有过。

不过听你说"也没干什么"，好像有点空落落的？是最近一直这样，还是就今天特别没劲儿呀？不着急说，你舒服就好，我就在这儿陪你待着 🌙
2026-09-18 20:07:28 [boundedElastic-2] INFO  o.l.s.a.i.s.ConversationHistoryMessagesStorage - 开始批量保存会话消息，用户ID：2096823365855289345，会话ID：2100919529693134849，轮次：3，消息数量：1
2026-09-18 20:07:28 [boundedElastic-2] INFO  o.l.s.a.i.s.ConversationHistoryMessagesStorage - 会话消息批量保存成功，用户ID：2096823365855289345，会话ID：2100919529693134849，保存数量：1
2026-09-18 20:07:28 [boundedElastic-2] INFO  o.l.s.a.m.p.d.MessagePersistDecorator - [模型流式输出-消息持久化装饰器] 持久化模型完整消息，会话ID：2100919529693134849，轮次：3
2026-09-18 20:07:28 [boundedElastic-2] INFO  o.l.s.i.c.p.TextMessageProcessor - [AI对话文本处理器] 流式完成，会话ID：2100919529693134849
2026-09-18 20:07:28 [boundedElastic-2] INFO  o.l.s.i.c.p.TextMessageProcessor - [AI对话文本处理器]-更新Redis缓存历史上下文，会话ID：2100919529693134849
2026-09-18 20:07:28 [boundedElastic-2] INFO  o.l.s.i.c.p.TextMessageProcessor - [AI对话文本处理器]-缓存历史上下文更新成功，当前消息数：6，会话ID：2100919529693134849
2026-09-18 20:07:28 [boundedElastic-2] INFO  o.l.s.a.m.p.d.LoggingDecorator - [模型流式输出-日志装饰器] 流式处理流程结束，会话ID：2100919529693134849
2026-09-18 20:07:28 [boundedElastic-2] INFO  o.l.s.i.c.p.TextMessageProcessor - [AI对话文本处理器]-流式处理完成，会话ID：2100919529693134849，用户ID：2096823365855289345
2026-09-18 20:07:30 [XNIO-1 task-3] INFO  o.l.c.a.f.JwtAuthenticationTokenFilter - 请求匹配放行规则: /temp/conversation-test/send
2026-09-18 20:07:30 [XNIO-1 task-3] INFO  o.l.c.a.f.JwtAuthenticationTokenFilter - 令牌中存放的id为2096823365855289345，类型为USER
2026-09-18 20:07:30 [XNIO-1 task-3] INFO  o.l.s.c.t.ConversationTestController - [测试-发送消息] 会话ID：2100919529693134849,消息内容：嗯，躺着就躺着吧，不用非得干点什么才对得起这一天。有时候人就是会这样，什么都不想做，只想窝在床上，这种感觉我也有过。

不过听你说"也没干什么"，好像有点空落落的？是最近一直这样，还是就今天特别没劲儿呀？不着急说，你舒服就好，我就在这儿陪你待着 🌙
2026-09-18 20:07:32 [DiagnosisThread-11] INFO  o.l.s.a.n.c.EmotionRecognitionNode - [情感识别节点] 情感分析结果已持久化，会话ID：2100919529693134849，轮次：3
2026-09-18 20:07:32 [DiagnosisThread-11] INFO  o.l.s.a.n.c.EmotionRecognitionNode - [情感识别节点] 情感分析结果已追加至Redis缓存，会话ID：2100919529693134849，轮次：3，当前缓存条数：3
2026-09-18 20:07:32 [DiagnosisThread-11] INFO  o.l.s.ai.node.diagnosis.InputNode - 诊断流程-输入侧节点-开始
2026-09-18 20:07:32 [DiagnosisThread-11] INFO  o.l.s.a.n.d.input.PreCleanNode - 输入侧-数据预清洗-开始
2026-09-18 20:07:32 [DiagnosisThread-11] INFO  o.l.s.a.n.d.input.PreCleanNode - 输入侧-数据预清洗-消息时序排序完成，总消息数：6
2026-09-18 20:07:32 [DiagnosisThread-11] INFO  o.l.s.a.n.d.input.PreCleanNode - 输入侧-数据预清洗-轮次聚合与有效性校验完成，轮次数：3
2026-09-18 20:07:32 [DiagnosisThread-11] INFO  o.l.s.a.n.d.input.PreCleanNode - 输入侧-数据预清洗-完成
2026-09-18 20:07:32 [parallel-node-action-thread-9] INFO  o.l.s.a.n.d.i.HistoryDiagnosisSummaryNode - 输入侧-历史诊断摘要聚合-开始
2026-09-18 20:07:32 [parallel-node-action-thread-8] INFO  o.l.s.a.n.d.i.EmotionStatisticsNode - 输入侧-情绪数据处理-开始
2026-09-18 20:07:32 [parallel-node-action-thread-8] INFO  o.l.s.a.n.d.i.EmotionStatisticsNode - 输入侧-情绪数据处理-有效情绪轮次数：2
2026-09-18 20:07:32 [parallel-node-action-thread-8] INFO  o.l.s.a.n.d.i.EmotionStatisticsNode - 输入侧-情绪数据处理-完成
2026-09-18 20:07:32 [parallel-node-action-thread-7] INFO  o.l.s.a.n.d.i.MessageStructuredProcessNode - 输入侧-消息结构化处理-开始
2026-09-18 20:07:32 [parallel-node-action-thread-7] INFO  o.l.s.a.n.d.i.MessageStructuredProcessNode - 输入侧-消息结构化处理-有效轮次筛选完成，有效轮次数：3
2026-09-18 20:07:32 [parallel-node-action-thread-7] INFO  o.l.s.a.n.d.i.MessageStructuredProcessNode - 输入侧-消息结构化处理-分支B-有效轮次(3)达到阈值(3)，调用大模型提取核心信息
2026-09-18 20:07:32 [parallel-node-action-thread-9] INFO  o.l.s.a.n.d.i.HistoryDiagnosisSummaryNode - 输入侧-历史诊断摘要聚合-无历史诊断记录，返回首次诊断空摘要格式化提示词
2026-09-18 20:07:32 [parallel-node-action-thread-9] INFO  o.l.s.a.n.d.i.HistoryDiagnosisSummaryNode - 输入侧-历史诊断摘要聚合-完成
2026-09-18 20:07:32 [XNIO-1 task-3] INFO  o.l.s.c.t.ConversationTestController - [测试-发送消息] 模型同步调用完成，回复内容：……嗯，最近吧。

有段时间了。

也不是今天特别没劲儿，就是……一直提不起劲。
2026-09-18 20:07:32 [XNIO-1 task-3] INFO  o.l.c.a.f.JwtAuthenticationTokenFilter - 开始令牌校验
2026-09-18 20:07:32 [XNIO-1 task-3] INFO  o.l.c.a.f.JwtAuthenticationTokenFilter - 令牌中存放的id为2096823365855289345，类型为USER
2026-09-18 20:07:32 [XNIO-1 task-3] INFO  o.l.c.a.aspect.CurrentLimitingAspect - 接口限流切面方法开始
2026-09-18 20:07:32 [XNIO-1 task-3] INFO  o.l.s.c.u.conversation.AIController - 接收用户消息发送请求：UserMessageSendDTO(message=……嗯，最近吧。

有段时间了。

也不是今天特别没劲儿，就是……一直提不起劲。, conversationId=2100919529693134849)
2026-09-18 20:07:32 [XNIO-1 task-3] INFO  o.l.s.s.impl.user.AIChatServiceImpl - 开始处理用户消息发送，用户ID：2096823365855289345，会话ID：2100919529693134849，消息内容：……嗯，最近吧。

有段时间了。

也不是今天特别没劲儿，就是……一直提不起劲。
2026-09-18 20:07:32 [XNIO-1 task-3] INFO  o.l.s.s.impl.user.AIChatServiceImpl - 用户消息发送完成，会话ID：2100919529693134849，当前轮次：4
2026-09-18 20:07:35 [audio-aggregate-proc-3] INFO  o.l.s.s.ConversationAggregateScheduler - 从ZSet集合中移除会话ID成功，开始处理会话消息，会话ID：2100919529693134849
2026-09-18 20:07:35 [audio-aggregate-proc-3] INFO  o.l.s.i.c.ConversationMessageProcessor - [流程编排] 开始会话消息处理，会话ID：2100919529693134849
2026-09-18 20:07:35 [audio-aggregate-proc-3] INFO  o.l.s.i.c.ConversationCacheManager - 开始会话缓存加载，会话ID：2100919529693134849
2026-09-18 20:07:35 [audio-aggregate-proc-3] INFO  o.l.s.i.c.ConversationMessageProcessor - [主线程] 开始主线程执行，会话ID：2100919529693134849，执行器：TextMessageProcessor
2026-09-18 20:07:35 [audio-aggregate-proc-3] INFO  o.l.s.i.c.ConversationMessageProcessor - [主线程] 开始调用消息处理器，会话ID：2100919529693134849
2026-09-18 20:07:35 [audio-aggregate-proc-3] INFO  o.l.s.i.c.p.TextMessageProcessor - [AI对话文本处理器] 开始文本消息处理，会话ID：2100919529693134849，临时消息数：1
2026-09-18 20:07:35 [audio-aggregate-proc-3] INFO  o.l.s.i.c.p.TextMessageProcessor - [AI对话文本处理器] 流式订阅已启动，会话ID：2100919529693134849，用户ID：2096823365855289345
2026-09-18 20:07:35 [audio-aggregate-proc-3] INFO  o.l.s.i.c.ConversationMessageProcessor - [主线程] 主线程执行完成，会话ID：2100919529693134849，耗时：4ms
2026-09-18 20:07:35 [DiagnosisThread-17] INFO  o.l.s.i.c.ConversationAiService - 分析与诊断功能，会话ID：2100919529693134849
2026-09-18 20:07:35 [audio-aggregate-proc-3] INFO  o.l.s.i.c.ConversationMessageProcessor - [流程编排] 会话消息处理完成，会话ID：2100919529693134849，处理消息数：1
2026-09-18 20:07:36 [parallel-node-action-thread-7] INFO  o.l.s.a.n.d.i.MessageStructuredProcessNode - 输入侧-消息结构化处理-完成
2026-09-18 20:07:36 [parallel-node-action-thread-7] INFO  o.l.s.a.n.d.i.SymptomNormalizeNode - 输入侧-语义归一化处理-开始
2026-09-18 20:07:36 [parallel-node-action-thread-7] INFO  o.l.s.a.n.d.i.SymptomNormalizeNode - 输入侧-语义归一化处理-症状原文列表为空，终止诊断流程
2026-09-18 20:07:36 [DiagnosisThread-11] INFO  o.l.s.ai.node.diagnosis.InputNode - 诊断流程-输入侧节点-输入侧流程被中断，终止诊断流程
2026-09-18 20:07:36 [DiagnosisThread-11] INFO  o.l.s.ai.node.diagnosis.InputNode - 诊断流程-输入侧节点-完成
2026-09-18 20:07:37 [boundedElastic-1] INFO  o.l.s.a.m.p.d.LoggingDecorator - [模型流式输出-日志装饰器] 流式完成，会话ID：2100919529693134849，模型正文完整内容：
2026-09-18 20:07:37 [boundedElastic-1] INFO  o.l.s.a.i.s.ConversationHistoryMessagesStorage - 开始批量保存会话消息，用户ID：2096823365855289345，会话ID：2100919529693134849，轮次：4，消息数量：1
2026-09-18 20:07:37 [boundedElastic-1] INFO  o.l.s.a.i.s.ConversationHistoryMessagesStorage - 会话消息批量保存成功，用户ID：2096823365855289345，会话ID：2100919529693134849，保存数量：1
2026-09-18 20:07:37 [boundedElastic-1] INFO  o.l.s.a.m.p.d.MessagePersistDecorator - [模型流式输出-消息持久化装饰器] 持久化模型完整消息，会话ID：2100919529693134849，轮次：4
2026-09-18 20:07:37 [boundedElastic-1] INFO  o.l.s.i.c.p.TextMessageProcessor - [AI对话文本处理器] 流式完成，会话ID：2100919529693134849
2026-09-18 20:07:37 [boundedElastic-1] INFO  o.l.s.i.c.p.TextMessageProcessor - [AI对话文本处理器]-更新Redis缓存历史上下文，会话ID：2100919529693134849
2026-09-18 20:07:37 [boundedElastic-1] INFO  o.l.s.i.c.p.TextMessageProcessor - [AI对话文本处理器]-缓存历史上下文更新成功，当前消息数：8，会话ID：2100919529693134849
2026-09-18 20:07:37 [boundedElastic-1] INFO  o.l.s.a.m.p.d.LoggingDecorator - [模型流式输出-日志装饰器] 流式处理流程结束，会话ID：2100919529693134849
2026-09-18 20:07:37 [boundedElastic-1] INFO  o.l.s.i.c.p.TextMessageProcessor - [AI对话文本处理器]-流式处理完成，会话ID：2100919529693134849，用户ID：2096823365855289345
2026-09-18 20:07:37 [MessageBroker-9] INFO  o.s.w.s.c.WebSocketMessageBrokerStats - WebSocketSession[1 current WS(1)-HttpStream(0)-HttpPoll(0), 1 total, 0 closed abnormally (0 connect failure, 0 send limit, 0 transport error)], stompSubProtocol[processed CONNECT(1)-CONNECTED(1)-DISCONNECT(0)], stompBrokerRelay[null], inboundChannel[pool size = 12, active threads = 0, queued tasks = 0, completed tasks = 12], outboundChannel[pool size = 32, active threads = 0, queued tasks = 0, completed tasks = 196], sockJsScheduler[pool size = 16, active threads = 1, queued tasks = 3, completed tasks = 26]
2026-09-18 20:07:39 [DiagnosisThread-17] INFO  o.l.s.a.n.c.EmotionRecognitionNode - [情感识别节点] 情感分析结果已持久化，会话ID：2100919529693134849，轮次：4
2026-09-18 20:07:39 [DiagnosisThread-17] INFO  o.l.s.a.n.c.EmotionRecognitionNode - [情感识别节点] 情感分析结果已追加至Redis缓存，会话ID：2100919529693134849，轮次：4，当前缓存条数：4
2026-09-18 20:07:39 [DiagnosisThread-17] INFO  o.l.s.ai.node.diagnosis.InputNode - 诊断流程-输入侧节点-开始
2026-09-18 20:07:39 [DiagnosisThread-17] INFO  o.l.s.a.n.d.input.PreCleanNode - 输入侧-数据预清洗-开始
2026-09-18 20:07:39 [DiagnosisThread-17] INFO  o.l.s.a.n.d.input.PreCleanNode - 输入侧-数据预清洗-消息时序排序完成，总消息数：8
2026-09-18 20:07:39 [DiagnosisThread-17] INFO  o.l.s.a.n.d.input.PreCleanNode - 输入侧-数据预清洗-轮次聚合与有效性校验完成，轮次数：4
2026-09-18 20:07:39 [DiagnosisThread-17] INFO  o.l.s.a.n.d.input.PreCleanNode - 输入侧-数据预清洗-完成
2026-09-18 20:07:39 [parallel-node-action-thread-11] INFO  o.l.s.a.n.d.i.EmotionStatisticsNode - 输入侧-情绪数据处理-开始
2026-09-18 20:07:39 [parallel-node-action-thread-11] INFO  o.l.s.a.n.d.i.EmotionStatisticsNode - 输入侧-情绪数据处理-有效情绪轮次数：3
2026-09-18 20:07:39 [parallel-node-action-thread-10] INFO  o.l.s.a.n.d.i.MessageStructuredProcessNode - 输入侧-消息结构化处理-开始
2026-09-18 20:07:39 [parallel-node-action-thread-12] INFO  o.l.s.a.n.d.i.HistoryDiagnosisSummaryNode - 输入侧-历史诊断摘要聚合-开始
2026-09-18 20:07:39 [parallel-node-action-thread-10] INFO  o.l.s.a.n.d.i.MessageStructuredProcessNode - 输入侧-消息结构化处理-有效轮次筛选完成，有效轮次数：4
2026-09-18 20:07:39 [parallel-node-action-thread-11] INFO  o.l.s.a.n.d.i.EmotionStatisticsNode - 输入侧-情绪数据处理-完成
2026-09-18 20:07:39 [parallel-node-action-thread-10] INFO  o.l.s.a.n.d.i.MessageStructuredProcessNode - 输入侧-消息结构化处理-分支B-有效轮次(4)达到阈值(3)，调用大模型提取核心信息
2026-09-18 20:07:39 [parallel-node-action-thread-12] INFO  o.l.s.a.n.d.i.HistoryDiagnosisSummaryNode - 输入侧-历史诊断摘要聚合-无历史诊断记录，返回首次诊断空摘要格式化提示词
2026-09-18 20:07:39 [parallel-node-action-thread-12] INFO  o.l.s.a.n.d.i.HistoryDiagnosisSummaryNode - 输入侧-历史诊断摘要聚合-完成
2026-09-18 20:07:48 [parallel-node-action-thread-10] INFO  o.l.s.a.n.d.i.MessageStructuredProcessNode - 输入侧-消息结构化处理-完成
2026-09-18 20:07:48 [parallel-node-action-thread-10] INFO  o.l.s.a.n.d.i.SymptomNormalizeNode - 输入侧-语义归一化处理-开始
2026-09-18 20:07:48 [parallel-node-action-thread-10] INFO  o.l.s.a.n.d.i.SymptomNormalizeNode - 输入侧-语义归一化处理-症状原文条数：1
2026-09-18 20:07:48 [parallel-node-action-thread-10] INFO  o.l.s.a.n.d.i.SymptomNormalizeNode - 输入侧-语义归一化处理-清洗后有效条数：1
2026-09-18 20:07:48 [parallel-node-action-thread-10] INFO  o.l.s.a.n.d.i.SymptomNormalizeNode - 输入侧-语义归一化处理-加载规则词典条数：56
2026-09-18 20:07:48 [parallel-node-action-thread-10] INFO  o.l.s.a.n.d.i.SymptomNormalizeNode - 输入侧-语义归一化处理-规则匹配成功：0，待模型处理：1
2026-09-18 20:07:50 [parallel-node-action-thread-10] INFO  o.l.s.a.n.d.i.SymptomNormalizeNode - 输入侧-语义归一化处理-模型匹配成功：1，未匹配保留原文：0
2026-09-18 20:07:50 [parallel-node-action-thread-10] INFO  o.l.s.a.n.d.i.SymptomNormalizeNode - 输入侧-语义归一化处理-完成，标准化标签数：1
2026-09-18 20:07:50 [DiagnosisThread-17] INFO  o.l.s.ai.node.diagnosis.InputNode - 诊断流程-输入侧节点-完成
2026-09-18 20:07:50 [DiagnosisThread-17] INFO  o.l.s.a.node.diagnosis.KnowledgeNode - 诊断流程-知识侧节点-开始
2026-09-18 20:07:50 [DiagnosisThread-17] INFO  o.l.s.a.n.d.k.QueryTransformLayerNode - 知识侧-查询变换层-开始
2026-09-18 20:07:50 [DiagnosisThread-17] INFO  o.l.s.a.n.d.k.QueryTransformLayerNode - 知识侧-查询变换层-首次执行，为三种类型生成Query
2026-09-18 20:07:57 [DiagnosisThread-17] INFO  o.l.s.a.n.d.k.QueryTransformLayerNode - 知识侧-查询变换层-完成，症状Query：疲劳乏力 症状表现 严重程度标准，诊断Query：疲劳乏力 中性情绪 对应的心理状态诊断标准，干预Query：持续疲劳乏力 提不起劲 寻求陪伴与倾诉 心理支持与干预调节方法
2026-09-18 20:07:57 [parallel-node-action-thread-13] INFO  o.l.s.a.n.d.k.SymptomKnowledgeRepositoryNode - 知识侧-查询症状知识库-开始
2026-09-18 20:07:57 [parallel-node-action-thread-15] INFO  o.l.s.a.n.d.k.InterventionPlanRepositoryNode - 知识侧-查询干预方案库-开始
2026-09-18 20:07:57 [parallel-node-action-thread-14] INFO  o.l.s.a.n.d.k.DiagnosisStandardRepositoryNode - 知识侧-查询诊断标准库-开始
2026-09-18 20:07:59 [parallel-node-action-thread-15] INFO  o.l.s.a.n.d.k.InterventionPlanRepositoryNode - 知识侧-查询干预方案库-完成，检索到 0 条记录
2026-09-18 20:07:59 [parallel-node-action-thread-14] INFO  o.l.s.a.n.d.k.DiagnosisStandardRepositoryNode - 知识侧-查询诊断标准库-完成，检索到 0 条记录
2026-09-18 20:07:59 [parallel-node-action-thread-13] INFO  o.l.s.a.n.d.k.SymptomKnowledgeRepositoryNode - 知识侧-查询症状知识库-完成，检索到 0 条记录
2026-09-18 20:07:59 [parallel-node-action-thread-14] INFO  o.l.s.a.n.d.k.RerankLayerNode - 知识侧-重排层节点-开始
2026-09-18 20:07:59 [parallel-node-action-thread-14] INFO  o.l.s.a.n.d.k.RerankLayerNode - 知识侧-重排层节点-前置检查：存在空数据，空库数=3，重试次数[症状=0,诊断=0,干预=0]
2026-09-18 20:07:59 [parallel-node-action-thread-14] INFO  o.l.s.a.n.d.k.RerankLayerNode - 知识侧-重排层节点-前置检查：需要重试的类型[症状=true,诊断=true,干预=true]，路由到查询变换层
2026-09-18 20:07:59 [parallel-node-action-thread-14] INFO  o.l.s.a.n.d.k.RerankLayerNode - 知识侧-重排层节点-前置检查路由决策：retry_all，重试次数[症状=1,诊断=1,干预=1]
2026-09-18 20:07:59 [parallel-node-action-thread-14] INFO  o.l.s.a.n.d.k.QueryTransformLayerNode - 知识侧-查询变换层-开始
2026-09-18 20:07:59 [parallel-node-action-thread-14] INFO  o.l.s.a.n.d.k.QueryTransformLayerNode - 知识侧-查询变换层-重试执行，需要生成Query的类型[症状=true,诊断=true,干预=true]
2026-09-18 20:08:01 [parallel-node-action-thread-14] INFO  o.l.s.a.n.d.k.QueryTransformLayerNode - 知识侧-查询变换层-完成，症状Query：疲劳乏力 症状表现 严重程度，诊断Query：疲劳乏力 情绪平淡 诊断标准，干预Query：疲劳乏力 动力不足 陪伴支持 干预调节方法
2026-09-18 20:08:01 [parallel-node-action-thread-16] INFO  o.l.s.a.n.d.k.SymptomKnowledgeRepositoryNode - 知识侧-查询症状知识库-开始
2026-09-18 20:08:01 [parallel-node-action-thread-18] INFO  o.l.s.a.n.d.k.InterventionPlanRepositoryNode - 知识侧-查询干预方案库-开始
2026-09-18 20:08:01 [parallel-node-action-thread-17] INFO  o.l.s.a.n.d.k.DiagnosisStandardRepositoryNode - 知识侧-查询诊断标准库-开始
2026-09-18 20:08:01 [parallel-node-action-thread-18] INFO  o.l.s.a.n.d.k.InterventionPlanRepositoryNode - 知识侧-查询干预方案库-完成，检索到 0 条记录
2026-09-18 20:08:01 [parallel-node-action-thread-16] INFO  o.l.s.a.n.d.k.SymptomKnowledgeRepositoryNode - 知识侧-查询症状知识库-完成，检索到 0 条记录
2026-09-18 20:08:01 [parallel-node-action-thread-17] INFO  o.l.s.a.n.d.k.DiagnosisStandardRepositoryNode - 知识侧-查询诊断标准库-完成，检索到 0 条记录
2026-09-18 20:08:01 [parallel-node-action-thread-17] INFO  o.l.s.a.n.d.k.RerankLayerNode - 知识侧-重排层节点-开始
2026-09-18 20:08:01 [parallel-node-action-thread-17] INFO  o.l.s.a.n.d.k.RerankLayerNode - 知识侧-重排层节点-前置检查：存在空数据，空库数=3，重试次数[症状=1,诊断=1,干预=1]
2026-09-18 20:08:01 [parallel-node-action-thread-17] INFO  o.l.s.a.n.d.k.RerankLayerNode - 知识侧-重排层节点-前置检查：需要重试的类型[症状=true,诊断=true,干预=true]，路由到查询变换层
2026-09-18 20:08:01 [parallel-node-action-thread-17] INFO  o.l.s.a.n.d.k.RerankLayerNode - 知识侧-重排层节点-前置检查路由决策：retry_all，重试次数[症状=2,诊断=2,干预=2]
2026-09-18 20:08:01 [parallel-node-action-thread-17] INFO  o.l.s.a.n.d.k.QueryTransformLayerNode - 知识侧-查询变换层-开始
2026-09-18 20:08:01 [parallel-node-action-thread-17] INFO  o.l.s.a.n.d.k.QueryTransformLayerNode - 知识侧-查询变换层-重试执行，需要生成Query的类型[症状=true,诊断=true,干预=true]
2026-09-18 20:08:06 [parallel-node-action-thread-17] INFO  o.l.s.a.n.d.k.QueryTransformLayerNode - 知识侧-查询变换层-完成，症状Query：疲劳乏力，诊断Query：疲劳乏力，干预Query：疲劳乏力
2026-09-18 20:08:06 [parallel-node-action-thread-21] INFO  o.l.s.a.n.d.k.InterventionPlanRepositoryNode - 知识侧-查询干预方案库-开始
2026-09-18 20:08:06 [parallel-node-action-thread-19] INFO  o.l.s.a.n.d.k.SymptomKnowledgeRepositoryNode - 知识侧-查询症状知识库-开始
2026-09-18 20:08:06 [parallel-node-action-thread-20] INFO  o.l.s.a.n.d.k.DiagnosisStandardRepositoryNode - 知识侧-查询诊断标准库-开始
2026-09-18 20:08:06 [parallel-node-action-thread-20] INFO  o.l.s.a.n.d.k.DiagnosisStandardRepositoryNode - 知识侧-查询诊断标准库-完成，检索到 0 条记录
2026-09-18 20:08:06 [parallel-node-action-thread-19] INFO  o.l.s.a.n.d.k.SymptomKnowledgeRepositoryNode - 知识侧-查询症状知识库-完成，检索到 0 条记录
2026-09-18 20:08:06 [parallel-node-action-thread-21] INFO  o.l.s.a.n.d.k.InterventionPlanRepositoryNode - 知识侧-查询干预方案库-完成，检索到 0 条记录
2026-09-18 20:08:06 [parallel-node-action-thread-21] INFO  o.l.s.a.n.d.k.RerankLayerNode - 知识侧-重排层节点-开始
2026-09-18 20:08:06 [parallel-node-action-thread-21] INFO  o.l.s.a.n.d.k.RerankLayerNode - 知识侧-重排层节点-前置检查：存在空数据，空库数=3，重试次数[症状=2,诊断=2,干预=2]
2026-09-18 20:08:06 [parallel-node-action-thread-21] INFO  o.l.s.a.n.d.k.RerankLayerNode - 知识侧-重排层节点-前置检查：需要重试的类型[症状=true,诊断=true,干预=true]，路由到查询变换层
2026-09-18 20:08:06 [parallel-node-action-thread-21] INFO  o.l.s.a.n.d.k.RerankLayerNode - 知识侧-重排层节点-前置检查路由决策：retry_all，重试次数[症状=3,诊断=3,干预=3]
2026-09-18 20:08:06 [parallel-node-action-thread-21] INFO  o.l.s.a.n.d.k.QueryTransformLayerNode - 知识侧-查询变换层-开始
2026-09-18 20:08:06 [parallel-node-action-thread-21] INFO  o.l.s.a.n.d.k.QueryTransformLayerNode - 知识侧-查询变换层-重试执行，需要生成Query的类型[症状=true,诊断=true,干预=true]
2026-09-18 20:08:09 [parallel-node-action-thread-21] INFO  o.l.s.a.n.d.k.QueryTransformLayerNode - 知识侧-查询变换层-完成，症状Query：疲劳乏力，诊断Query：疲劳乏力，干预Query：疲劳乏力
2026-09-18 20:08:09 [parallel-node-action-thread-24] INFO  o.l.s.a.n.d.k.InterventionPlanRepositoryNode - 知识侧-查询干预方案库-开始
2026-09-18 20:08:09 [parallel-node-action-thread-23] INFO  o.l.s.a.n.d.k.DiagnosisStandardRepositoryNode - 知识侧-查询诊断标准库-开始
2026-09-18 20:08:09 [parallel-node-action-thread-22] INFO  o.l.s.a.n.d.k.SymptomKnowledgeRepositoryNode - 知识侧-查询症状知识库-开始
2026-09-18 20:08:09 [parallel-node-action-thread-23] INFO  o.l.s.a.n.d.k.DiagnosisStandardRepositoryNode - 知识侧-查询诊断标准库-完成，检索到 0 条记录
2026-09-18 20:08:09 [parallel-node-action-thread-22] INFO  o.l.s.a.n.d.k.SymptomKnowledgeRepositoryNode - 知识侧-查询症状知识库-完成，检索到 0 条记录
2026-09-18 20:08:09 [parallel-node-action-thread-24] INFO  o.l.s.a.n.d.k.InterventionPlanRepositoryNode - 知识侧-查询干预方案库-完成，检索到 0 条记录
2026-09-18 20:08:09 [parallel-node-action-thread-22] INFO  o.l.s.a.n.d.k.RerankLayerNode - 知识侧-重排层节点-开始
2026-09-18 20:08:09 [parallel-node-action-thread-22] INFO  o.l.s.a.n.d.k.RerankLayerNode - 知识侧-重排层节点-前置检查：存在空数据，空库数=3，重试次数[症状=3,诊断=3,干预=3]
2026-09-18 20:08:09 [parallel-node-action-thread-22] INFO  o.l.s.a.n.d.k.RerankLayerNode - 知识侧-重排层节点-前置检查：症状库重试次数耗尽，使用兜底内容
2026-09-18 20:08:09 [parallel-node-action-thread-22] INFO  o.l.s.a.n.d.k.RerankLayerNode - 知识侧-重排层节点-兜底内容已应用，症状=true，诊断=false，干预=false
2026-09-18 20:08:09 [parallel-node-action-thread-22] INFO  o.l.s.a.n.d.k.RerankLayerNode - 知识侧-重排层节点-前置检查：诊断标准库重试次数耗尽，使用兜底内容
2026-09-18 20:08:09 [parallel-node-action-thread-22] INFO  o.l.s.a.n.d.k.RerankLayerNode - 知识侧-重排层节点-兜底内容已应用，症状=false，诊断=true，干预=false
2026-09-18 20:08:09 [parallel-node-action-thread-22] INFO  o.l.s.a.n.d.k.RerankLayerNode - 知识侧-重排层节点-前置检查：干预方案库重试次数耗尽，使用兜底内容
2026-09-18 20:08:09 [parallel-node-action-thread-22] INFO  o.l.s.a.n.d.k.RerankLayerNode - 知识侧-重排层节点-兜底内容已应用，症状=false，诊断=false，干预=true
2026-09-18 20:08:09 [parallel-node-action-thread-22] INFO  o.l.s.a.n.d.k.RerankLayerNode - 知识侧-重排层节点-前置检查：所有空库重试次数已耗尽，已应用兜底内容，继续重排有数据的库
2026-09-18 20:08:09 [parallel-node-action-thread-22] INFO  o.l.s.a.n.d.k.RerankLayerNode - 知识侧-重排层节点-后置检查：重排后存在空结果，空库数=3，重试次数[症状=3,诊断=3,干预=3]
2026-09-18 20:08:09 [parallel-node-action-thread-22] INFO  o.l.s.a.n.d.k.RerankLayerNode - 知识侧-重排层节点-兜底内容已应用，症状=true，诊断=false，干预=false
2026-09-18 20:08:09 [parallel-node-action-thread-22] INFO  o.l.s.a.n.d.k.RerankLayerNode - 知识侧-重排层节点-兜底内容已应用，症状=false，诊断=true，干预=false
2026-09-18 20:08:09 [parallel-node-action-thread-22] INFO  o.l.s.a.n.d.k.RerankLayerNode - 知识侧-重排层节点-兜底内容已应用，症状=false，诊断=false，干预=true
2026-09-18 20:08:09 [parallel-node-action-thread-22] INFO  o.l.s.a.n.d.k.RerankLayerNode - 知识侧-重排层节点-后置检查路由决策：end，重试次数[症状=3,诊断=3,干预=3]
2026-09-18 20:08:09 [DiagnosisThread-17] INFO  o.l.s.a.n.d.graph.KnowledgeGraph - KnowledgeGraph-执行完成，症状0条，诊断0条，干预0条
2026-09-18 20:08:09 [DiagnosisThread-17] INFO  o.l.s.a.node.diagnosis.KnowledgeNode - 诊断流程-知识侧节点-完成
2026-09-18 20:08:09 [DiagnosisThread-17] INFO  o.l.s.ai.node.diagnosis.ProcessNode - 诊断流程-处理侧节点-开始
2026-09-18 20:08:09 [parallel-node-action-thread-30] INFO  o.l.s.a.n.d.p.RiskAssessmentNode - 诊断处理侧-风险评估-开始
2026-09-18 20:08:09 [parallel-node-action-thread-29] INFO  o.l.s.a.n.d.p.ProtectiveFactorNode - 诊断处理侧-保护性因素分析-开始
2026-09-18 20:08:09 [parallel-node-action-thread-27] INFO  o.l.s.a.n.d.p.PsychologicalStateNode - 诊断处理侧-心理状态与症状评估-开始
2026-09-18 20:08:09 [parallel-node-action-thread-26] INFO  o.l.s.a.n.d.p.DiseaseCourseAttributionNode - 诊断处理侧-病程归因组-开始
2026-09-18 20:08:10 [parallel-node-action-thread-25] INFO  o.l.s.a.n.d.p.ComprehensiveDiagnosisNode - 诊断处理侧-情绪综合分析-开始
2026-09-18 20:08:10 [parallel-node-action-thread-28] INFO  o.l.s.a.n.d.p.SocialFunctionImpactNode - 诊断处理侧-社会功能影响评估-开始
2026-09-18 20:08:12 [parallel-node-action-thread-29] INFO  o.l.s.a.n.d.p.ProtectiveFactorNode - 诊断处理侧-保护性因素分析-完成，社会支持水平：1，应对方式：倾诉
2026-09-18 20:08:12 [parallel-node-action-thread-27] INFO  o.l.s.a.n.d.p.PsychologicalStateNode - 诊断处理侧-心理状态与症状评估-完成，心理状态：适应不良，症状标签：疲劳乏力,动力不足,活动减少,卧床,社会退缩
2026-09-18 20:08:17 [parallel-node-action-thread-26] INFO  o.l.s.a.n.d.p.DiseaseCourseAttributionNode - 诊断处理侧-病程归因组-完成，核心触发场景：其他，发作模式：持续性
2026-09-18 20:08:18 [parallel-node-action-thread-25] INFO  o.l.s.a.n.d.p.ComprehensiveDiagnosisNode - 诊断处理侧-情绪综合分析-完成，负向细分：{}，正向细分：{}
2026-09-18 20:08:29 [parallel-node-action-thread-28] INFO  o.l.s.config.RetryLoggingListener - [Retry] 重试第1次后成功，标签：social-function-impact-process-model
2026-09-18 20:08:29 [parallel-node-action-thread-28] INFO  o.l.s.a.n.d.p.SocialFunctionImpactNode - 诊断处理侧-社会功能影响评估-完成，受损程度：中度受损，影响领域：日常活动减少,卧床时间增加,动力缺乏,社交减少,疲劳乏力
2026-09-18 20:08:31 [parallel-node-action-thread-30] INFO  o.l.s.config.RetryLoggingListener - [Retry] 重试第1次后成功，标签：risk-assessment-process-model
2026-09-18 20:08:31 [parallel-node-action-thread-30] INFO  o.l.s.a.n.d.p.RiskAssessmentNode - 诊断处理侧-风险评估-完成，情绪风险：1，自伤风险：1，自杀风险：0，人工干预：0，危机预警：0
2026-09-18 20:08:31 [parallel-node-action-thread-30] INFO  o.l.s.a.n.d.p.InterventionSuggestionNode - 诊断处理侧-干预建议生成-开始
2026-09-18 20:08:34 [parallel-node-action-thread-30] INFO  o.l.s.a.n.d.p.InterventionSuggestionNode - 诊断处理侧-干预建议生成-完成，建议优先级：2
2026-09-18 20:08:34 [parallel-node-action-thread-30] INFO  o.l.s.a.n.d.p.DiagnosisSummaryNode - 诊断处理侧-诊断书生成-开始
2026-09-18 20:08:44 [parallel-node-action-thread-30] INFO  o.l.s.a.n.d.p.DiagnosisSummaryNode - 诊断处理侧-诊断书生成-完成，核心情绪标签：中性，置信度：0.82，强度：0.13
2026-09-18 20:08:44 [DiagnosisThread-17] INFO  o.l.s.a.n.d.graph.ProcessGraph - ProcessGraph-执行成功
2026-09-18 20:08:44 [DiagnosisThread-17] INFO  o.l.s.ai.node.diagnosis.ProcessNode - 诊断流程-处理侧节点-完成
2026-09-18 20:08:44 [DiagnosisThread-17] INFO  o.l.s.a.n.d.DiagnosisPersistNode - 诊断流程-诊断数据持久化-开始
2026-09-18 20:08:44 [DiagnosisThread-17] INFO  o.l.s.a.n.d.DiagnosisPersistNode - 诊断流程-诊断数据持久化-保存成功，会话ID：2100919529693134849
2026-09-18 20:08:44 [DiagnosisThread-17] INFO  o.l.s.a.n.d.graph.DiagnosisGraph - DiagnosisGraph-执行成功
2026-09-18 20:11:08 [default-executor-shutdown-hook] INFO  c.a.c.a.g.internal.node.ParallelNode - Shutting down ParallelNode default executor
2026-09-18 20:11:08 [parallel-node-action-thread-15] INFO  c.a.c.a.g.internal.node.ParallelNode - ParallelNode default thread pool terminated
2026-09-18 20:11:08 [default-executor-shutdown-hook] INFO  c.a.c.a.g.internal.node.ParallelNode - ParallelNode default executor shut down successfully
2026-09-18 20:11:08 [SpringApplicationShutdownHook] INFO  o.s.b.w.e.undertow.UndertowWebServer - Commencing graceful shutdown. Waiting for active requests to complete
2026-09-18 20:11:08 [SpringApplicationShutdownHook] INFO  o.s.b.w.e.undertow.UndertowWebServer - Graceful shutdown complete
2026-09-18 20:11:08 [SpringApplicationShutdownHook] INFO  io.undertow - stopping server: Undertow - 2.3.18.Final
2026-09-18 20:11:08 [SpringApplicationShutdownHook] INFO  io.undertow.servlet - Destroying Spring FrameworkServlet 'dispatcherServlet'
2026-09-18 20:11:08 [SpringApplicationShutdownHook] INFO  o.l.c.w.l.WebSocketEventListener - 客户端下线-用户ID2096823365855289345
2026-09-18 20:11:08 [SpringApplicationShutdownHook] INFO  o.s.m.s.b.SimpleBrokerMessageHandler - Stopping...
2026-09-18 20:11:08 [SpringApplicationShutdownHook] INFO  o.s.m.s.b.SimpleBrokerMessageHandler - BrokerAvailabilityEvent[available=false, SimpleBrokerMessageHandler [org.springframework.messaging.simp.broker.DefaultSubscriptionRegistry@b6942c3]]
2026-09-18 20:11:08 [SpringApplicationShutdownHook] INFO  o.s.m.s.b.SimpleBrokerMessageHandler - Stopped.
2026-09-18 20:11:08 [SpringApplicationShutdownHook] INFO  o.l.c.core.manager.ShutdownManager - ====关闭后台任务任务线程池====
2026-09-18 20:11:08 [SpringApplicationShutdownHook] INFO  o.l.s.i.audio.AsrConnectionManager - ASR连接管理器关闭，清理所有会话
2026-09-18 20:11:08 [SpringApplicationShutdownHook] INFO  o.l.s.i.audio.AsrConnectionManager - NlsClient已关闭
2026-09-18 20:11:08 [SpringApplicationShutdownHook] INFO  o.l.s.s.ConversationAggregateScheduler - 开始关闭语音聚合调度器...
2026-09-18 20:11:08 [SpringApplicationShutdownHook] INFO  o.l.s.s.ConversationAggregateScheduler - 语音聚合调度器已关闭
2026-09-18 20:11:08 [SpringApplicationShutdownHook] INFO  o.l.s.i.audio.TtsConnectionManager - TTS连接管理器关闭，清理所有会话
2026-09-18 20:11:08 [SpringApplicationShutdownHook] INFO  o.l.s.i.audio.TtsConnectionManager - TTS NlsClient已关闭
2026-09-18 20:11:08 [SpringApplicationShutdownHook] INFO  org.lixiyun.server.ai.rag.RagStore - 开始关闭RAG文件处理线程池...
2026-09-18 20:11:08 [SpringApplicationShutdownHook] INFO  org.lixiyun.server.ai.rag.RagStore - RAG文件处理线程池已关闭
2026-09-18 20:11:08 [SpringApplicationShutdownHook] INFO  c.b.d.d.DynamicRoutingDataSource - dynamic-datasource start closing ....
2026-09-18 20:11:08 [SpringApplicationShutdownHook] INFO  com.zaxxer.hikari.HikariDataSource - master - Shutdown initiated...
2026-09-18 20:11:08 [SpringApplicationShutdownHook] INFO  com.zaxxer.hikari.HikariDataSource - master - Shutdown completed.
2026-09-18 20:11:08 [SpringApplicationShutdownHook] INFO  c.b.d.d.d.DefaultDataSourceDestroyer - dynamic-datasource close the datasource named [master] success,
2026-09-18 20:11:08 [SpringApplicationShutdownHook] INFO  c.b.d.d.DynamicRoutingDataSource - dynamic-datasource all closed success,bye
2026-09-18 21:32:30 [background-preinit] INFO  o.h.validator.internal.util.Version - HV000001: Hibernate Validator 8.0.1.Final
2026-09-18 21:32:30 [main] INFO  o.lixiyun.server.ServerApplication - Starting ServerApplication using Java 17.0.20.1 with PID 10928 (D:\JavaProject\ai_mental_care\server\target\classes started by 32769 in D:\JavaProject\ai_mental_care)
2026-09-18 21:32:30 [main] INFO  o.lixiyun.server.ServerApplication - The following 1 profile is active: "dev"
2026-09-18 21:32:32 [main] INFO  o.s.d.r.c.RepositoryConfigurationDelegate - Multiple Spring Data modules found, entering strict repository configuration mode
2026-09-18 21:32:32 [main] INFO  o.s.d.r.c.RepositoryConfigurationDelegate - Bootstrapping Spring Data JDBC repositories in DEFAULT mode.
2026-09-18 21:32:32 [main] INFO  o.s.d.r.c.RepositoryConfigurationDelegate - Finished Spring Data repository scanning in 49 ms. Found 0 JDBC repository interfaces.
2026-09-18 21:32:32 [main] INFO  o.s.d.r.c.RepositoryConfigurationDelegate - Multiple Spring Data modules found, entering strict repository configuration mode
2026-09-18 21:32:32 [main] INFO  o.s.d.r.c.RepositoryConfigurationDelegate - Bootstrapping Spring Data Redis repositories in DEFAULT mode.
2026-09-18 21:32:32 [main] INFO  o.s.d.r.c.RepositoryConfigurationDelegate - Finished Spring Data repository scanning in 18 ms. Found 0 Redis repository interfaces.
2026-09-18 21:32:34 [main] INFO  io.undertow.servlet - Initializing Spring embedded WebApplicationContext
2026-09-18 21:32:34 [main] INFO  o.s.b.w.s.c.ServletWebServerApplicationContext - Root WebApplicationContext: initialization completed in 4530 ms
2026-09-18 21:32:35 [main] INFO  o.l.c.agent.prompt.utils.PromptUtil - 提示词初始化完成，共加载提示词数量：14，耗时：8ms
2026-09-18 21:32:35 [main] INFO  o.l.server.ai.handle.ScenarioHandler - 场景对话提示词加载
2026-09-18 21:32:35 [main] INFO  o.l.server.ai.handle.ScenarioHandler - 场景对话提示词加载完成-加载数量：7
2026-09-18 21:32:35 [main] INFO  c.b.d.d.DynamicRoutingDataSource - dynamic-datasource detect P6SPY plugin and enabled it
2026-09-18 21:32:35 [main] INFO  com.zaxxer.hikari.HikariDataSource - master - Starting...
2026-09-18 21:32:35 [main] INFO  com.zaxxer.hikari.pool.HikariPool - master - Added connection com.mysql.cj.jdbc.ConnectionImpl@6f744b4e
2026-09-18 21:32:35 [main] INFO  com.zaxxer.hikari.HikariDataSource - master - Start completed.
2026-09-18 21:32:35 [main] INFO  c.b.d.d.DynamicRoutingDataSource - dynamic-datasource - add a datasource named [master] success
2026-09-18 21:32:35 [main] INFO  c.b.d.d.DynamicRoutingDataSource - dynamic-datasource initial loaded [1] datasource,primary datasource named [master]
2026-09-18 21:32:36 [main] INFO  o.l.s.i.ai.AiNodeConfigManager - [节点配置缓存管理器] 预热开始
2026-09-18 21:32:36 [main] INFO  o.l.s.i.ai.AiNodeConfigManager - [节点配置缓存管理器] 预热完成，加载节点数：19, 完整配置节点信息：[messageStructuredProcessNode, psychologicalStateNode, symptomNormalizeNode, emotionalCompanionNode, historyMessageCompressionNode, conversationNameGenerationNode, textMessageProcessor, socialFunctionImpactNode, riskAssessmentNode, interventionSuggestionNode, diagnosisSummaryNode, historyAnalysisCompressionNode, voiceMessageProcessor, queryTransformLayerNode, comprehensiveDiagnosisNode, diseaseCourseAttributionNode, rerankLayerNode, protectiveFactorNode, emotionRecognitionNode]
2026-09-18 21:32:36 [main] INFO  o.l.s.a.n.diagnosis.graph.InputGraph - 输入侧图构建器初始化
2026-09-18 21:32:36 [main] INFO  o.l.s.a.n.diagnosis.graph.InputGraph - 开始构建输入侧图
2026-09-18 21:32:36 [main] INFO  c.a.c.a.g.internal.node.ParallelNode - Calculated core pool size: 32 (CPU cores: 16)
2026-09-18 21:32:36 [main] INFO  c.a.c.a.g.internal.node.ParallelNode - Calculated maximum pool size: 64 (CPU cores: 16)
2026-09-18 21:32:36 [main] INFO  c.a.c.a.g.internal.node.ParallelNode - Calculated queue capacity: 1000
2026-09-18 21:32:36 [main] INFO  o.l.s.a.n.diagnosis.graph.InputGraph - 输入侧图构建完成
2026-09-18 21:32:36 [main] INFO  o.l.s.ai.model.VectorStoreConfig - 配置主嵌入模型为: ollamaEmbeddingModel
2026-09-18 21:32:36 [main] INFO  o.l.s.ai.rag.milvus.MilvusConfig - Initializing MilvusClientV2 with host=8.148.155.178 port=19530
2026-09-18 21:32:38 [main] INFO  o.l.s.a.n.d.graph.KnowledgeGraph - 知识侧图构建器初始化
2026-09-18 21:32:38 [main] INFO  o.l.s.a.n.d.graph.KnowledgeGraph - 开始构建知识侧图
2026-09-18 21:32:38 [main] INFO  o.l.s.a.n.d.graph.KnowledgeGraph - 知识侧图构建完成
2026-09-18 21:32:38 [main] INFO  o.l.s.a.n.d.graph.ProcessGraph - 处理侧图构建器初始化
2026-09-18 21:32:38 [main] INFO  o.l.s.a.n.d.graph.ProcessGraph - 开始构建处理侧图
2026-09-18 21:32:38 [main] INFO  o.l.s.a.n.d.graph.ProcessGraph - 处理侧图构建完成
2026-09-18 21:32:38 [main] INFO  o.l.s.a.n.d.graph.DiagnosisGraph - 诊断主流程图构建器初始化
2026-09-18 21:32:38 [main] INFO  o.l.s.a.n.d.graph.DiagnosisGraph - 开始构建诊断主流程图
2026-09-18 21:32:38 [main] INFO  o.l.s.a.n.d.graph.DiagnosisGraph - 诊断主流程图构建完成
2026-09-18 21:32:38 [main] INFO  o.l.server.ai.rag.graph.RagGraph - RAG图构建器初始化
2026-09-18 21:32:38 [main] INFO  o.l.server.ai.rag.graph.RagGraph - 开始构建RAG图
2026-09-18 21:32:38 [main] INFO  o.l.server.ai.rag.graph.RagGraph - RAG图构建完成
2026-09-18 21:32:39 [main] INFO  o.l.s.i.audio.TtsConnectionManager - TTS NLS Token获取成功，过期时间：1789867955
2026-09-18 21:32:40 [main] INFO  o.l.s.i.audio.TtsConnectionManager - TTS NlsClient初始化完成，gatewayUrl：wss://nls-gateway-cn-shenzhen.aliyuncs.com/ws/v1
2026-09-18 21:32:40 [main] INFO  o.l.s.i.audio.TtsConnectionManager - TTS连接管理器初始化完成，最大会话数：100，空闲超时：60s
2026-09-18 21:32:40 [main] INFO  o.l.s.i.audio.AsrConnectionManager - NLS Token获取成功，过期时间：1789867955
2026-09-18 21:32:40 [main] INFO  o.l.s.i.audio.AsrConnectionManager - NlsClient初始化完成，gatewayUrl：wss://nls-gateway-cn-shanghai.aliyuncs.com/ws/v1
2026-09-18 21:32:40 [main] INFO  o.l.s.i.audio.AsrConnectionManager - ASR连接管理器初始化完成，最大会话数：100，空闲超时：60s
2026-09-18 21:32:40 [main] INFO  o.l.c.core.config.ThreadPoolConfig - ====创建定时任务线程池====
2026-09-18 21:32:40 [main] INFO  o.l.c.a.s.config.SkillInitializer - ========== 开始Skill全局影子表初始化 ==========
2026-09-18 21:32:40 [main] INFO  org.redisson.Version - Redisson 3.20.1
2026-09-18 21:32:40 [redisson-netty-4-5] INFO  o.r.c.p.MasterPubSubConnectionPool - 1 connections initialized for localhost/127.0.0.1:6379
2026-09-18 21:32:41 [redisson-netty-4-20] INFO  o.r.c.pool.MasterConnectionPool - 24 connections initialized for localhost/127.0.0.1:6379
2026-09-18 21:32:41 [main] INFO  o.l.c.a.s.config.SkillInitializer - 【Skill项目初始化】Redis中已存在全局影子表，跳过构建
2026-09-18 21:32:41 [main] INFO  o.l.c.a.s.config.SkillInitializer - ========== Skill全局影子表初始化成功，耗时：473ms ==========
2026-09-18 21:32:42 [main] INFO  o.s.b.a.e.web.EndpointLinksResolver - Exposing 14 endpoints beneath base path '/actuator'
2026-09-18 21:32:43 [main] INFO  c.b.m.e.s.MybatisPlusApplicationContextAware - Register ApplicationContext instances org.springframework.boot.web.servlet.context.AnnotationConfigServletWebServerApplicationContext@1a5b8489
2026-09-18 21:32:44 [main] INFO  o.s.m.s.b.SimpleBrokerMessageHandler - Starting...
2026-09-18 21:32:44 [main] INFO  o.s.m.s.b.SimpleBrokerMessageHandler - BrokerAvailabilityEvent[available=true, SimpleBrokerMessageHandler [org.springframework.messaging.simp.broker.DefaultSubscriptionRegistry@44e2d573]]
2026-09-18 21:32:44 [main] INFO  o.s.m.s.b.SimpleBrokerMessageHandler - Started.
2026-09-18 21:32:44 [main] INFO  io.undertow - starting server: Undertow - 2.3.18.Final
2026-09-18 21:32:44 [main] INFO  org.xnio - XNIO version 3.8.16.Final
2026-09-18 21:32:44 [main] INFO  org.xnio.nio - XNIO NIO Implementation Version 3.8.16.Final
2026-09-18 21:32:44 [main] INFO  org.jboss.threads - JBoss Threads version 3.5.0.Final
2026-09-18 21:32:45 [main] INFO  o.s.b.w.e.undertow.UndertowWebServer - Undertow started on port 8088 (http) with context path '/'
2026-09-18 21:32:45 [main] INFO  o.lixiyun.server.ServerApplication - Started ServerApplication in 15.828 seconds (process running for 16.703)
2026-09-18 21:32:49 [XNIO-1 task-2] INFO  io.undertow.servlet - Initializing Spring DispatcherServlet 'dispatcherServlet'
2026-09-18 21:32:49 [XNIO-1 task-2] INFO  o.s.web.servlet.DispatcherServlet - Initializing Servlet 'dispatcherServlet'
2026-09-18 21:32:49 [XNIO-1 task-2] INFO  o.s.web.servlet.DispatcherServlet - Completed initialization in 3 ms
2026-09-18 21:32:49 [XNIO-1 task-2] INFO  o.l.c.a.f.JwtAuthenticationTokenFilter - 请求匹配放行规则: /ws/ai-mental-care/info
2026-09-18 21:32:49 [XNIO-1 task-3] INFO  o.l.c.a.f.JwtAuthenticationTokenFilter - 请求匹配放行规则: /ws/ai-mental-care/587/qkf0jgcr/websocket
2026-09-18 21:32:49 [XNIO-1 I/O-7] INFO  o.l.c.w.i.WebSocketInboundInterceptor - WebSocket客户端消息前置拦截器-建立会话，用户身份：null
2026-09-18 21:32:49 [XNIO-1 I/O-7] INFO  o.l.c.w.i.WebSocketInboundInterceptor - WebSocket客户端消息前置拦截器-连接成功，用户ID：2096823365855289345，类型：USER
2026-09-18 21:32:49 [clientOutboundChannel-1] INFO  o.l.c.w.l.WebSocketEventListener - 客户端上线-用户ID：2096823365855289345
2026-09-18 21:32:49 [XNIO-1 task-3] INFO  o.l.c.a.f.JwtAuthenticationTokenFilter - 开始令牌校验
2026-09-18 21:32:49 [XNIO-1 task-3] INFO  o.l.c.a.f.JwtAuthenticationTokenFilter - 令牌中存放的id为2096823365855289345，类型为USER
2026-09-18 21:32:49 [XNIO-1 task-3] INFO  o.l.s.c.u.c.ConversationController - 分页查询会话列表: 1, 20
2026-09-18 21:32:55 [XNIO-1 task-3] INFO  o.l.c.a.f.JwtAuthenticationTokenFilter - 开始令牌校验
2026-09-18 21:32:55 [XNIO-1 task-3] INFO  o.l.c.a.f.JwtAuthenticationTokenFilter - 令牌中存放的id为2096823365855289345，类型为USER
2026-09-18 21:32:55 [XNIO-1 task-3] INFO  o.l.c.a.aspect.CurrentLimitingAspect - 接口限流切面方法开始
2026-09-18 21:32:55 [XNIO-1 task-3] INFO  o.l.s.c.u.conversation.AIController - 接收用户消息发送请求：UserMessageSendDTO(message=你好, conversationId=null)
2026-09-18 21:32:55 [XNIO-1 task-3] INFO  o.l.s.s.impl.user.AIChatServiceImpl - 开始处理用户消息发送，用户ID：2096823365855289345，会话ID：null，消息内容：你好
2026-09-18 21:32:55 [XNIO-1 task-3] INFO  o.l.s.s.impl.user.AIChatServiceImpl - 新会话创建成功，会话ID：2100941138864812033，用户ID：2096823365855289345
2026-09-18 21:32:55 [XNIO-1 task-3] INFO  o.l.s.s.impl.user.AIChatServiceImpl - 用户消息发送完成，会话ID：2100941138864812033，当前轮次：1
2026-09-18 21:32:55 [XNIO-1 I/O-7] INFO  o.l.c.w.i.WebSocketInboundInterceptor - WebSocket客户端消息前置拦截器-订阅成功，用户ID：2096823365855289345，订阅路径：/user/queue/text/reply/2100941138864812033，订阅ID：sub-0
2026-09-18 21:32:55 [XNIO-1 I/O-7] INFO  o.l.c.w.i.WebSocketInboundInterceptor - WebSocket客户端消息前置拦截器-订阅成功，用户ID：2096823365855289345，订阅路径：/user/queue/conversation/name/2100941138864812033，订阅ID：sub-1
2026-09-18 21:32:55 [XNIO-1 task-3] INFO  o.l.c.a.f.JwtAuthenticationTokenFilter - 开始令牌校验
2026-09-18 21:32:55 [XNIO-1 task-3] INFO  o.l.c.a.f.JwtAuthenticationTokenFilter - 令牌中存放的id为2096823365855289345，类型为USER
2026-09-18 21:32:55 [XNIO-1 task-3] INFO  o.l.s.c.u.c.ConversationController - 分页查询会话列表: 1, 20
2026-09-18 21:32:58 [audio-aggregate-proc-0] INFO  o.l.s.s.ConversationAggregateScheduler - 从ZSet集合中移除会话ID成功，开始处理会话消息，会话ID：2100941138864812033
2026-09-18 21:32:58 [audio-aggregate-proc-0] INFO  o.l.s.i.c.ConversationMessageProcessor - [流程编排] 开始会话消息处理，会话ID：2100941138864812033
2026-09-18 21:32:58 [audio-aggregate-proc-0] INFO  o.l.s.i.c.ConversationCacheManager - 开始会话缓存加载，会话ID：2100941138864812033
2026-09-18 21:32:58 [audio-aggregate-proc-0] INFO  o.l.s.i.c.ConversationCacheManager - 会话数据缓存成功，Key：conversation:cache:2100941138864812033，过期时间：10800秒
2026-09-18 21:32:58 [audio-aggregate-proc-0] INFO  o.l.s.i.c.ConversationCacheManager - [缓存] 会话缓存加载完成，会话ID：2100941138864812033
2026-09-18 21:32:58 [audio-aggregate-proc-0] INFO  o.l.s.i.c.ConversationMessageProcessor - [主线程] 开始主线程执行，会话ID：2100941138864812033，执行器：TextMessageProcessor
2026-09-18 21:32:58 [audio-aggregate-proc-0] INFO  o.l.s.i.c.ConversationMessageProcessor - [主线程] 开始调用消息处理器，会话ID：2100941138864812033
2026-09-18 21:32:58 [audio-aggregate-proc-0] INFO  o.l.s.i.c.p.TextMessageProcessor - [AI对话文本处理器] 开始文本消息处理，会话ID：2100941138864812033，临时消息数：1
2026-09-18 21:32:59 [audio-aggregate-proc-0] INFO  o.l.s.i.c.p.TextMessageProcessor - [AI对话文本处理器] 流式订阅已启动，会话ID：2100941138864812033，用户ID：2096823365855289345
2026-09-18 21:32:59 [audio-aggregate-proc-0] INFO  o.l.s.i.c.ConversationMessageProcessor - [主线程] 主线程执行完成，会话ID：2100941138864812033，耗时：34ms
2026-09-18 21:32:59 [DiagnosisThread-2] INFO  o.l.s.i.c.ConversationAiService - 分析与诊断功能，会话ID：2100941138864812033
2026-09-18 21:32:59 [DiagnosisThread-3] INFO  o.l.s.i.c.ConversationMessageProcessor - [会话命名] 首次对话，开始生成会话名称，会话ID：2100941138864812033
2026-09-18 21:32:59 [audio-aggregate-proc-0] INFO  o.l.s.i.c.ConversationMessageProcessor - [流程编排] 会话消息处理完成，会话ID：2100941138864812033，处理消息数：1
2026-09-18 21:33:00 [boundedElastic-2] INFO  o.l.s.a.m.p.d.LoggingDecorator - [模型流式输出-日志装饰器] 流式完成，会话ID：2100941138864812033，模型正文完整内容：嗨，你好呀～很高兴看到你冒泡😊 我在这儿呢，随时都愿意陪你聊聊天。今天过得怎么样呀，是心里有些事想说说，还是就想随便唠唠？都可以的，我听着呢。
2026-09-18 21:33:00 [boundedElastic-2] INFO  o.l.s.a.i.s.ConversationHistoryMessagesStorage - 开始批量保存会话消息，用户ID：2096823365855289345，会话ID：2100941138864812033，轮次：1，消息数量：1
2026-09-18 21:33:00 [boundedElastic-2] INFO  o.l.s.a.i.s.ConversationHistoryMessagesStorage - 会话消息批量保存成功，用户ID：2096823365855289345，会话ID：2100941138864812033，保存数量：1
2026-09-18 21:33:00 [boundedElastic-2] INFO  o.l.s.a.m.p.d.MessagePersistDecorator - [模型流式输出-消息持久化装饰器] 持久化模型完整消息，会话ID：2100941138864812033，轮次：1
2026-09-18 21:33:00 [boundedElastic-2] INFO  o.l.s.i.c.p.TextMessageProcessor - [AI对话文本处理器] 流式完成，会话ID：2100941138864812033
2026-09-18 21:33:00 [boundedElastic-2] INFO  o.l.s.i.c.p.TextMessageProcessor - [AI对话文本处理器]-更新Redis缓存历史上下文，会话ID：2100941138864812033
2026-09-18 21:33:00 [boundedElastic-2] INFO  o.l.s.i.c.p.TextMessageProcessor - [AI对话文本处理器]-缓存历史上下文更新成功，当前消息数：2，会话ID：2100941138864812033
2026-09-18 21:33:00 [boundedElastic-2] INFO  o.l.s.a.m.p.d.LoggingDecorator - [模型流式输出-日志装饰器] 流式处理流程结束，会话ID：2100941138864812033
2026-09-18 21:33:00 [boundedElastic-2] INFO  o.l.s.i.c.p.TextMessageProcessor - [AI对话文本处理器]-流式处理完成，会话ID：2100941138864812033，用户ID：2096823365855289345
2026-09-18 21:33:01 [DiagnosisThread-2] INFO  o.l.s.a.n.c.EmotionRecognitionNode - [情感识别节点] 情感分析结果已持久化，会话ID：2100941138864812033，轮次：1
2026-09-18 21:33:01 [DiagnosisThread-2] INFO  o.l.s.a.n.c.EmotionRecognitionNode - [情感识别节点] 情感分析结果已追加至Redis缓存，会话ID：2100941138864812033，轮次：1，当前缓存条数：1
2026-09-18 21:33:01 [DiagnosisThread-2] INFO  o.l.s.ai.node.diagnosis.InputNode - 诊断流程-输入侧节点-开始
2026-09-18 21:33:01 [DiagnosisThread-2] INFO  o.l.s.a.n.d.input.PreCleanNode - 输入侧-数据预清洗-开始
2026-09-18 21:33:01 [DiagnosisThread-2] INFO  o.l.s.a.n.d.input.PreCleanNode - 输入侧-数据预清洗-消息时序排序完成，总消息数：2
2026-09-18 21:33:01 [DiagnosisThread-2] INFO  o.l.s.a.n.d.input.PreCleanNode - 输入侧-数据预清洗-轮次聚合与有效性校验完成，轮次数：1
2026-09-18 21:33:01 [DiagnosisThread-2] INFO  o.l.s.a.n.d.input.PreCleanNode - 输入侧-数据预清洗-完成
2026-09-18 21:33:01 [parallel-node-action-thread-1] INFO  o.l.s.a.n.d.i.MessageStructuredProcessNode - 输入侧-消息结构化处理-开始
2026-09-18 21:33:01 [parallel-node-action-thread-1] INFO  o.l.s.a.n.d.i.MessageStructuredProcessNode - 输入侧-消息结构化处理-有效轮次筛选完成，有效轮次数：1
2026-09-18 21:33:01 [parallel-node-action-thread-1] INFO  o.l.s.a.n.d.i.MessageStructuredProcessNode - 输入侧-消息结构化处理-分支A-有效轮次(1)未达到阈值(3)，返回对话原文
2026-09-18 21:33:01 [parallel-node-action-thread-1] INFO  o.l.s.a.n.d.i.MessageStructuredProcessNode - 输入侧-消息结构化处理-完成
2026-09-18 21:33:01 [parallel-node-action-thread-2] INFO  o.l.s.a.n.d.i.EmotionStatisticsNode - 输入侧-情绪数据处理-开始
2026-09-18 21:33:01 [parallel-node-action-thread-3] INFO  o.l.s.a.n.d.i.HistoryDiagnosisSummaryNode - 输入侧-历史诊断摘要聚合-开始
2026-09-18 21:33:01 [parallel-node-action-thread-2] INFO  o.l.s.a.n.d.i.EmotionStatisticsNode - 输入侧-情绪数据处理-无有效情绪数据，终止诊断流程
2026-09-18 21:33:01 [parallel-node-action-thread-2] INFO  o.l.s.a.n.d.i.EmotionStatisticsNode - 输入侧-情绪数据处理-完成
2026-09-18 21:33:01 [parallel-node-action-thread-3] INFO  o.l.s.a.n.d.i.HistoryDiagnosisSummaryNode - 输入侧-历史诊断摘要聚合-无历史诊断记录，返回首次诊断空摘要格式化提示词
2026-09-18 21:33:01 [parallel-node-action-thread-3] INFO  o.l.s.a.n.d.i.HistoryDiagnosisSummaryNode - 输入侧-历史诊断摘要聚合-完成
2026-09-18 21:33:01 [parallel-node-action-thread-3] INFO  o.l.s.a.n.d.i.SymptomNormalizeNode - 输入侧-语义归一化处理-开始
2026-09-18 21:33:01 [parallel-node-action-thread-3] INFO  o.l.s.a.n.d.i.SymptomNormalizeNode - 输入侧-语义归一化处理-症状原文列表为空，终止诊断流程
2026-09-18 21:33:01 [DiagnosisThread-2] INFO  o.l.s.ai.node.diagnosis.InputNode - 诊断流程-输入侧节点-输入侧流程被中断，终止诊断流程
2026-09-18 21:33:01 [DiagnosisThread-2] INFO  o.l.s.ai.node.diagnosis.InputNode - 诊断流程-输入侧节点-完成
2026-09-18 21:33:02 [DiagnosisThread-3] INFO  o.l.s.config.RetryLoggingListener - [Retry] 重试第1次后成功，标签：conversationNameGenerationNode
2026-09-18 21:33:02 [DiagnosisThread-3] INFO  o.l.s.i.c.ConversationMessageProcessor - [会话命名] 会话名称生成完成，会话ID：2100941138864812033，名称：新对话
2026-09-18 21:33:02 [XNIO-1 task-3] INFO  o.l.c.a.f.JwtAuthenticationTokenFilter - 开始令牌校验
2026-09-18 21:33:02 [XNIO-1 task-3] INFO  o.l.c.a.f.JwtAuthenticationTokenFilter - 令牌中存放的id为2096823365855289345，类型为USER
2026-09-18 21:33:02 [XNIO-1 task-3] INFO  o.l.s.c.u.c.ConversationController - 分页查询会话列表: 1, 20
2026-09-18 21:33:44 [MessageBroker-10] INFO  o.s.w.s.c.WebSocketMessageBrokerStats - WebSocketSession[1 current WS(1)-HttpStream(0)-HttpPoll(0), 1 total, 0 closed abnormally (0 connect failure, 0 send limit, 0 transport error)], stompSubProtocol[processed CONNECT(1)-CONNECTED(1)-DISCONNECT(0)], stompBrokerRelay[null], inboundChannel[pool size = 15, active threads = 0, queued tasks = 0, completed tasks = 15], outboundChannel[pool size = 32, active threads = 0, queued tasks = 0, completed tasks = 52], sockJsScheduler[pool size = 16, active threads = 1, queued tasks = 3, completed tasks = 30]
2026-09-18 21:33:49 [XNIO-1 task-3] INFO  o.l.c.a.f.JwtAuthenticationTokenFilter - 请求匹配放行规则: /temp/conversation-test/send
2026-09-18 21:33:49 [XNIO-1 task-3] INFO  o.l.c.a.f.JwtAuthenticationTokenFilter - 令牌中存放的id为2096823365855289345，类型为USER
2026-09-18 21:33:49 [XNIO-1 task-3] INFO  o.l.s.c.t.ConversationTestController - [测试-发送消息] 会话ID：2100941138864812033,消息内容：嗨，你好呀～很高兴看到你冒泡😊我在这儿呢，随时都愿意陪你聊聊天。今天过得怎么样呀，是心里有些事想说说，还是就想随便唠唠？都可以的，我听着呢。
2026-09-18 21:33:50 [XNIO-1 task-3] INFO  o.l.s.c.t.ConversationTestController - [测试-发送消息] 模型同步调用完成，回复内容：嗯……就随便唠唠吧。其实也没什么事。
2026-09-18 21:33:50 [XNIO-1 task-3] INFO  o.l.c.a.f.JwtAuthenticationTokenFilter - 开始令牌校验
2026-09-18 21:33:50 [XNIO-1 task-3] INFO  o.l.c.a.f.JwtAuthenticationTokenFilter - 令牌中存放的id为2096823365855289345，类型为USER
2026-09-18 21:33:50 [XNIO-1 task-3] INFO  o.l.c.a.aspect.CurrentLimitingAspect - 接口限流切面方法开始
2026-09-18 21:33:50 [XNIO-1 task-3] INFO  o.l.s.c.u.conversation.AIController - 接收用户消息发送请求：UserMessageSendDTO(message=嗯……就随便唠唠吧。其实也没什么事。, conversationId=2100941138864812033)
2026-09-18 21:33:50 [XNIO-1 task-3] INFO  o.l.s.s.impl.user.AIChatServiceImpl - 开始处理用户消息发送，用户ID：2096823365855289345，会话ID：2100941138864812033，消息内容：嗯……就随便唠唠吧。其实也没什么事。
2026-09-18 21:33:50 [XNIO-1 task-3] INFO  o.l.s.s.impl.user.AIChatServiceImpl - 用户消息发送完成，会话ID：2100941138864812033，当前轮次：2
2026-09-18 21:33:53 [audio-aggregate-proc-1] INFO  o.l.s.s.ConversationAggregateScheduler - 从ZSet集合中移除会话ID成功，开始处理会话消息，会话ID：2100941138864812033
2026-09-18 21:33:53 [audio-aggregate-proc-1] INFO  o.l.s.i.c.ConversationMessageProcessor - [流程编排] 开始会话消息处理，会话ID：2100941138864812033
2026-09-18 21:33:53 [audio-aggregate-proc-1] INFO  o.l.s.i.c.ConversationCacheManager - 开始会话缓存加载，会话ID：2100941138864812033
2026-09-18 21:33:53 [audio-aggregate-proc-1] INFO  o.l.s.i.c.ConversationMessageProcessor - [主线程] 开始主线程执行，会话ID：2100941138864812033，执行器：TextMessageProcessor
2026-09-18 21:33:53 [audio-aggregate-proc-1] INFO  o.l.s.i.c.ConversationMessageProcessor - [主线程] 开始调用消息处理器，会话ID：2100941138864812033
2026-09-18 21:33:53 [audio-aggregate-proc-1] INFO  o.l.s.i.c.p.TextMessageProcessor - [AI对话文本处理器] 开始文本消息处理，会话ID：2100941138864812033，临时消息数：1
2026-09-18 21:33:53 [audio-aggregate-proc-1] INFO  o.l.s.i.c.p.TextMessageProcessor - [AI对话文本处理器] 流式订阅已启动，会话ID：2100941138864812033，用户ID：2096823365855289345
2026-09-18 21:33:53 [audio-aggregate-proc-1] INFO  o.l.s.i.c.ConversationMessageProcessor - [主线程] 主线程执行完成，会话ID：2100941138864812033，耗时：5ms
2026-09-18 21:33:53 [DiagnosisThread-5] INFO  o.l.s.i.c.ConversationAiService - 分析与诊断功能，会话ID：2100941138864812033
2026-09-18 21:33:53 [audio-aggregate-proc-1] INFO  o.l.s.i.c.ConversationMessageProcessor - [流程编排] 会话消息处理完成，会话ID：2100941138864812033，处理消息数：1
2026-09-18 21:33:55 [boundedElastic-1] INFO  o.l.s.a.m.p.d.LoggingDecorator - [模型流式输出-日志装饰器] 流式完成，会话ID：2100941138864812033，模型正文完整内容：嗯嗯，那就随便唠～有时候也没啥具体的事，就是想找个人说说话，这种时候也挺好的呀。我这会儿也没别的事，就安安静静陪你待着。你最近有没有什么小事，哪怕是今天吃了啥、路上看到只猫，都可以跟我念叨念叨，我挺爱听的😊
2026-09-18 21:33:55 [boundedElastic-1] INFO  o.l.s.a.i.s.ConversationHistoryMessagesStorage - 开始批量保存会话消息，用户ID：2096823365855289345，会话ID：2100941138864812033，轮次：2，消息数量：1
2026-09-18 21:33:55 [boundedElastic-1] INFO  o.l.s.a.i.s.ConversationHistoryMessagesStorage - 会话消息批量保存成功，用户ID：2096823365855289345，会话ID：2100941138864812033，保存数量：1
2026-09-18 21:33:55 [boundedElastic-1] INFO  o.l.s.a.m.p.d.MessagePersistDecorator - [模型流式输出-消息持久化装饰器] 持久化模型完整消息，会话ID：2100941138864812033，轮次：2
2026-09-18 21:33:55 [boundedElastic-1] INFO  o.l.s.i.c.p.TextMessageProcessor - [AI对话文本处理器] 流式完成，会话ID：2100941138864812033
2026-09-18 21:33:55 [boundedElastic-1] INFO  o.l.s.i.c.p.TextMessageProcessor - [AI对话文本处理器]-更新Redis缓存历史上下文，会话ID：2100941138864812033
2026-09-18 21:33:55 [boundedElastic-1] INFO  o.l.s.i.c.p.TextMessageProcessor - [AI对话文本处理器]-缓存历史上下文更新成功，当前消息数：4，会话ID：2100941138864812033
2026-09-18 21:33:55 [boundedElastic-1] INFO  o.l.s.a.m.p.d.LoggingDecorator - [模型流式输出-日志装饰器] 流式处理流程结束，会话ID：2100941138864812033
2026-09-18 21:33:55 [boundedElastic-1] INFO  o.l.s.i.c.p.TextMessageProcessor - [AI对话文本处理器]-流式处理完成，会话ID：2100941138864812033，用户ID：2096823365855289345
2026-09-18 21:33:57 [XNIO-1 task-3] INFO  o.l.c.a.f.JwtAuthenticationTokenFilter - 请求匹配放行规则: /temp/conversation-test/send
2026-09-18 21:33:57 [XNIO-1 task-3] INFO  o.l.c.a.f.JwtAuthenticationTokenFilter - 令牌中存放的id为2096823365855289345，类型为USER
2026-09-18 21:33:57 [XNIO-1 task-3] INFO  o.l.s.c.t.ConversationTestController - [测试-发送消息] 会话ID：2100941138864812033,消息内容：嗯嗯，那就随便唠～有时候也没啥具体的事，就是想找个人说说话，这种时候也挺好的呀。我这会儿也没别的事，就安安静静陪你待着。你最近有没有什么小事，哪怕是今天吃了啥、路上看到只猫，都可以跟我念叨念叨，我挺爱听的😊
2026-09-18 21:33:57 [DiagnosisThread-5] INFO  o.l.s.a.n.c.EmotionRecognitionNode - [情感识别节点] 情感分析结果已持久化，会话ID：2100941138864812033，轮次：2
2026-09-18 21:33:57 [DiagnosisThread-5] INFO  o.l.s.a.n.c.EmotionRecognitionNode - [情感识别节点] 情感分析结果已追加至Redis缓存，会话ID：2100941138864812033，轮次：2，当前缓存条数：2
2026-09-18 21:33:57 [DiagnosisThread-5] INFO  o.l.s.ai.node.diagnosis.InputNode - 诊断流程-输入侧节点-开始
2026-09-18 21:33:57 [DiagnosisThread-5] INFO  o.l.s.a.n.d.input.PreCleanNode - 输入侧-数据预清洗-开始
2026-09-18 21:33:57 [DiagnosisThread-5] INFO  o.l.s.a.n.d.input.PreCleanNode - 输入侧-数据预清洗-消息时序排序完成，总消息数：4
2026-09-18 21:33:57 [DiagnosisThread-5] INFO  o.l.s.a.n.d.input.PreCleanNode - 输入侧-数据预清洗-轮次聚合与有效性校验完成，轮次数：2
2026-09-18 21:33:57 [DiagnosisThread-5] INFO  o.l.s.a.n.d.input.PreCleanNode - 输入侧-数据预清洗-完成
2026-09-18 21:33:58 [parallel-node-action-thread-5] INFO  o.l.s.a.n.d.i.EmotionStatisticsNode - 输入侧-情绪数据处理-开始
2026-09-18 21:33:58 [parallel-node-action-thread-6] INFO  o.l.s.a.n.d.i.HistoryDiagnosisSummaryNode - 输入侧-历史诊断摘要聚合-开始
2026-09-18 21:33:58 [parallel-node-action-thread-4] INFO  o.l.s.a.n.d.i.MessageStructuredProcessNode - 输入侧-消息结构化处理-开始
2026-09-18 21:33:58 [parallel-node-action-thread-4] INFO  o.l.s.a.n.d.i.MessageStructuredProcessNode - 输入侧-消息结构化处理-有效轮次筛选完成，有效轮次数：2
2026-09-18 21:33:58 [parallel-node-action-thread-5] INFO  o.l.s.a.n.d.i.EmotionStatisticsNode - 输入侧-情绪数据处理-有效情绪轮次数：1
2026-09-18 21:33:58 [parallel-node-action-thread-4] INFO  o.l.s.a.n.d.i.MessageStructuredProcessNode - 输入侧-消息结构化处理-分支A-有效轮次(2)未达到阈值(3)，返回对话原文
2026-09-18 21:33:58 [parallel-node-action-thread-4] INFO  o.l.s.a.n.d.i.MessageStructuredProcessNode - 输入侧-消息结构化处理-完成
2026-09-18 21:33:58 [parallel-node-action-thread-6] INFO  o.l.s.a.n.d.i.HistoryDiagnosisSummaryNode - 输入侧-历史诊断摘要聚合-无历史诊断记录，返回首次诊断空摘要格式化提示词
2026-09-18 21:33:58 [parallel-node-action-thread-6] INFO  o.l.s.a.n.d.i.HistoryDiagnosisSummaryNode - 输入侧-历史诊断摘要聚合-完成
2026-09-18 21:33:58 [parallel-node-action-thread-5] INFO  o.l.s.a.n.d.i.EmotionStatisticsNode - 输入侧-情绪数据处理-完成
2026-09-18 21:33:58 [parallel-node-action-thread-5] INFO  o.l.s.a.n.d.i.SymptomNormalizeNode - 输入侧-语义归一化处理-开始
2026-09-18 21:33:58 [parallel-node-action-thread-5] INFO  o.l.s.a.n.d.i.SymptomNormalizeNode - 输入侧-语义归一化处理-症状原文列表为空，终止诊断流程
2026-09-18 21:33:58 [DiagnosisThread-5] INFO  o.l.s.ai.node.diagnosis.InputNode - 诊断流程-输入侧节点-输入侧流程被中断，终止诊断流程
2026-09-18 21:33:58 [DiagnosisThread-5] INFO  o.l.s.ai.node.diagnosis.InputNode - 诊断流程-输入侧节点-完成
2026-09-18 21:34:00 [XNIO-1 task-3] INFO  o.l.s.c.t.ConversationTestController - [测试-发送消息] 模型同步调用完成，回复内容：没吃什么……不太想吃。今天一天都在宿舍吧，好像。
2026-09-18 21:34:00 [XNIO-1 task-2] INFO  o.l.c.a.f.JwtAuthenticationTokenFilter - 开始令牌校验
2026-09-18 21:34:00 [XNIO-1 task-2] INFO  o.l.c.a.f.JwtAuthenticationTokenFilter - 令牌中存放的id为2096823365855289345，类型为USER
2026-09-18 21:34:00 [XNIO-1 task-3] INFO  o.l.c.a.f.JwtAuthenticationTokenFilter - 开始令牌校验
2026-09-18 21:34:00 [XNIO-1 task-3] INFO  o.l.c.a.f.JwtAuthenticationTokenFilter - 令牌中存放的id为2096823365855289345，类型为USER
2026-09-18 21:34:00 [XNIO-1 task-2] INFO  o.l.c.a.aspect.CurrentLimitingAspect - 接口限流切面方法开始
2026-09-18 21:34:00 [XNIO-1 task-2] INFO  o.l.s.c.u.conversation.AIController - 接收用户消息发送请求：UserMessageSendDTO(message=没吃什么……不太想吃。今天一天都在宿舍吧，好像。, conversationId=2100941138864812033)
2026-09-18 21:34:00 [XNIO-1 task-2] INFO  o.l.s.s.impl.user.AIChatServiceImpl - 开始处理用户消息发送，用户ID：2096823365855289345，会话ID：2100941138864812033，消息内容：没吃什么……不太想吃。今天一天都在宿舍吧，好像。
2026-09-18 21:34:00 [XNIO-1 task-3] INFO  o.l.s.c.u.c.DialogueController - 分页查询对话记录: 2, 20, 2100941138864812033
2026-09-18 21:34:00 [XNIO-1 task-2] INFO  o.l.s.s.impl.user.AIChatServiceImpl - 用户消息发送完成，会话ID：2100941138864812033，当前轮次：3
2026-09-18 21:34:03 [audio-aggregate-proc-2] INFO  o.l.s.s.ConversationAggregateScheduler - 从ZSet集合中移除会话ID成功，开始处理会话消息，会话ID：2100941138864812033
2026-09-18 21:34:03 [audio-aggregate-proc-2] INFO  o.l.s.i.c.ConversationMessageProcessor - [流程编排] 开始会话消息处理，会话ID：2100941138864812033
2026-09-18 21:34:03 [audio-aggregate-proc-2] INFO  o.l.s.i.c.ConversationCacheManager - 开始会话缓存加载，会话ID：2100941138864812033
2026-09-18 21:34:03 [audio-aggregate-proc-2] INFO  o.l.s.i.c.ConversationMessageProcessor - [主线程] 开始主线程执行，会话ID：2100941138864812033，执行器：TextMessageProcessor
2026-09-18 21:34:03 [audio-aggregate-proc-2] INFO  o.l.s.i.c.ConversationMessageProcessor - [主线程] 开始调用消息处理器，会话ID：2100941138864812033
2026-09-18 21:34:03 [audio-aggregate-proc-2] INFO  o.l.s.i.c.p.TextMessageProcessor - [AI对话文本处理器] 开始文本消息处理，会话ID：2100941138864812033，临时消息数：1
2026-09-18 21:34:03 [audio-aggregate-proc-2] INFO  o.l.s.i.c.p.TextMessageProcessor - [AI对话文本处理器] 流式订阅已启动，会话ID：2100941138864812033，用户ID：2096823365855289345
2026-09-18 21:34:03 [audio-aggregate-proc-2] INFO  o.l.s.i.c.ConversationMessageProcessor - [主线程] 主线程执行完成，会话ID：2100941138864812033，耗时：3ms
2026-09-18 21:34:03 [DiagnosisThread-11] INFO  o.l.s.i.c.ConversationAiService - 分析与诊断功能，会话ID：2100941138864812033
2026-09-18 21:34:03 [audio-aggregate-proc-2] INFO  o.l.s.i.c.ConversationMessageProcessor - [流程编排] 会话消息处理完成，会话ID：2100941138864812033，处理消息数：1
2026-09-18 21:34:05 [boundedElastic-2] INFO  o.l.s.a.m.p.d.LoggingDecorator - [模型流式输出-日志装饰器] 流式完成，会话ID：2100941138864812033，模型正文完整内容：嗯……一整天没怎么吃东西，就待在宿舍里，听你这么说，我有点心疼你。有时候人就是会这样，提不起劲，饭也不想碰，也说不上具体为啥。你今天是不是感觉有点累、有点
2026-09-18 21:34:05 [boundedElastic-2] INFO  o.l.s.a.i.s.ConversationHistoryMessagesStorage - 开始批量保存会话消息，用户ID：2096823365855289345，会话ID：2100941138864812033，轮次：3，消息数量：1
2026-09-18 21:34:05 [boundedElastic-2] INFO  o.l.s.a.i.s.ConversationHistoryMessagesStorage - 会话消息批量保存成功，用户ID：2096823365855289345，会话ID：2100941138864812033，保存数量：1
2026-09-18 21:34:05 [boundedElastic-2] INFO  o.l.s.a.m.p.d.MessagePersistDecorator - [模型流式输出-消息持久化装饰器] 持久化模型完整消息，会话ID：2100941138864812033，轮次：3
2026-09-18 21:34:05 [boundedElastic-2] INFO  o.l.s.i.c.p.TextMessageProcessor - [AI对话文本处理器] 流式完成，会话ID：2100941138864812033
2026-09-18 21:34:05 [boundedElastic-2] INFO  o.l.s.i.c.p.TextMessageProcessor - [AI对话文本处理器]-更新Redis缓存历史上下文，会话ID：2100941138864812033
2026-09-18 21:34:05 [boundedElastic-2] INFO  o.l.s.i.c.p.TextMessageProcessor - [AI对话文本处理器]-缓存历史上下文更新成功，当前消息数：6，会话ID：2100941138864812033
2026-09-18 21:34:05 [boundedElastic-2] INFO  o.l.s.a.m.p.d.LoggingDecorator - [模型流式输出-日志装饰器] 流式处理流程结束，会话ID：2100941138864812033
2026-09-18 21:34:05 [boundedElastic-2] INFO  o.l.s.i.c.p.TextMessageProcessor - [AI对话文本处理器]-流式处理完成，会话ID：2100941138864812033，用户ID：2096823365855289345
2026-09-18 21:34:07 [XNIO-1 task-3] INFO  o.l.c.a.f.JwtAuthenticationTokenFilter - 请求匹配放行规则: /temp/conversation-test/send
2026-09-18 21:34:07 [XNIO-1 task-3] INFO  o.l.c.a.f.JwtAuthenticationTokenFilter - 令牌中存放的id为2096823365855289345，类型为USER
2026-09-18 21:34:07 [XNIO-1 task-3] INFO  o.l.s.c.t.ConversationTestController - [测试-发送消息] 会话ID：2100941138864812033,消息内容：嗯……一整天没怎么吃东西，就待在宿舍里，听你这么说，我有点心疼你。有时候人就是会这样，提不起劲，饭也不想碰，也说不上具体为啥。你今天是不是感觉有点累、有点
2026-09-18 21:34:08 [XNIO-1 task-3] INFO  o.l.s.c.t.ConversationTestController - [测试-发送消息] 模型同步调用完成，回复内容：嗯……有点吧。也说不上累，就是什么都不想干。

窗帘一直拉着，我也不知道几点了。
2026-09-18 21:34:08 [XNIO-1 task-3] INFO  o.l.c.a.f.JwtAuthenticationTokenFilter - 开始令牌校验
2026-09-18 21:34:08 [XNIO-1 task-3] INFO  o.l.c.a.f.JwtAuthenticationTokenFilter - 令牌中存放的id为2096823365855289345，类型为USER
2026-09-18 21:34:08 [XNIO-1 task-3] INFO  o.l.c.a.aspect.CurrentLimitingAspect - 接口限流切面方法开始
2026-09-18 21:34:08 [XNIO-1 task-3] INFO  o.l.s.c.u.conversation.AIController - 接收用户消息发送请求：UserMessageSendDTO(message=嗯……有点吧。也说不上累，就是什么都不想干。

窗帘一直拉着，我也不知道几点了。, conversationId=2100941138864812033)
2026-09-18 21:34:08 [XNIO-1 task-3] INFO  o.l.s.s.impl.user.AIChatServiceImpl - 开始处理用户消息发送，用户ID：2096823365855289345，会话ID：2100941138864812033，消息内容：嗯……有点吧。也说不上累，就是什么都不想干。

窗帘一直拉着，我也不知道几点了。
2026-09-18 21:34:08 [XNIO-1 task-3] INFO  o.l.s.s.impl.user.AIChatServiceImpl - 用户消息发送完成，会话ID：2100941138864812033，当前轮次：4
2026-09-18 21:34:11 [audio-aggregate-proc-3] INFO  o.l.s.s.ConversationAggregateScheduler - 从ZSet集合中移除会话ID成功，开始处理会话消息，会话ID：2100941138864812033
2026-09-18 21:34:11 [audio-aggregate-proc-3] INFO  o.l.s.i.c.ConversationMessageProcessor - [流程编排] 开始会话消息处理，会话ID：2100941138864812033
2026-09-18 21:34:11 [audio-aggregate-proc-3] INFO  o.l.s.i.c.ConversationCacheManager - 开始会话缓存加载，会话ID：2100941138864812033
2026-09-18 21:34:11 [audio-aggregate-proc-3] INFO  o.l.s.i.c.ConversationMessageProcessor - [主线程] 开始主线程执行，会话ID：2100941138864812033，执行器：TextMessageProcessor
2026-09-18 21:34:11 [audio-aggregate-proc-3] INFO  o.l.s.i.c.ConversationMessageProcessor - [主线程] 开始调用消息处理器，会话ID：2100941138864812033
2026-09-18 21:34:11 [audio-aggregate-proc-3] INFO  o.l.s.i.c.p.TextMessageProcessor - [AI对话文本处理器] 开始文本消息处理，会话ID：2100941138864812033，临时消息数：1
2026-09-18 21:34:11 [audio-aggregate-proc-3] INFO  o.l.s.i.c.p.TextMessageProcessor - [AI对话文本处理器] 流式订阅已启动，会话ID：2100941138864812033，用户ID：2096823365855289345
2026-09-18 21:34:11 [audio-aggregate-proc-3] INFO  o.l.s.i.c.ConversationMessageProcessor - [主线程] 主线程执行完成，会话ID：2100941138864812033，耗时：2ms
2026-09-18 21:34:11 [DiagnosisThread-14] INFO  o.l.s.i.c.ConversationAiService - 分析与诊断功能，会话ID：2100941138864812033
2026-09-18 21:34:11 [audio-aggregate-proc-3] INFO  o.l.s.i.c.ConversationMessageProcessor - [流程编排] 会话消息处理完成，会话ID：2100941138864812033，处理消息数：1
2026-09-18 21:34:11 [DiagnosisThread-11] INFO  o.l.s.a.n.c.EmotionRecognitionNode - [情感识别节点] 情感分析结果已持久化，会话ID：2100941138864812033，轮次：3
2026-09-18 21:34:11 [DiagnosisThread-11] INFO  o.l.s.a.n.c.EmotionRecognitionNode - [情感识别节点] 情感分析结果已追加至Redis缓存，会话ID：2100941138864812033，轮次：3，当前缓存条数：3
2026-09-18 21:34:11 [DiagnosisThread-11] INFO  o.l.s.ai.node.diagnosis.InputNode - 诊断流程-输入侧节点-开始
2026-09-18 21:34:11 [DiagnosisThread-11] INFO  o.l.s.a.n.d.input.PreCleanNode - 输入侧-数据预清洗-开始
2026-09-18 21:34:11 [DiagnosisThread-11] INFO  o.l.s.a.n.d.input.PreCleanNode - 输入侧-数据预清洗-消息时序排序完成，总消息数：6
2026-09-18 21:34:11 [DiagnosisThread-11] INFO  o.l.s.a.n.d.input.PreCleanNode - 输入侧-数据预清洗-轮次聚合与有效性校验完成，轮次数：3
2026-09-18 21:34:11 [DiagnosisThread-11] INFO  o.l.s.a.n.d.input.PreCleanNode - 输入侧-数据预清洗-完成
2026-09-18 21:34:11 [parallel-node-action-thread-9] INFO  o.l.s.a.n.d.i.HistoryDiagnosisSummaryNode - 输入侧-历史诊断摘要聚合-开始
2026-09-18 21:34:11 [parallel-node-action-thread-7] INFO  o.l.s.a.n.d.i.MessageStructuredProcessNode - 输入侧-消息结构化处理-开始
2026-09-18 21:34:11 [parallel-node-action-thread-9] INFO  o.l.s.a.n.d.i.HistoryDiagnosisSummaryNode - 输入侧-历史诊断摘要聚合-无历史诊断记录，返回首次诊断空摘要格式化提示词
2026-09-18 21:34:11 [parallel-node-action-thread-7] INFO  o.l.s.a.n.d.i.MessageStructuredProcessNode - 输入侧-消息结构化处理-有效轮次筛选完成，有效轮次数：3
2026-09-18 21:34:11 [parallel-node-action-thread-7] INFO  o.l.s.a.n.d.i.MessageStructuredProcessNode - 输入侧-消息结构化处理-分支B-有效轮次(3)达到阈值(3)，调用大模型提取核心信息
2026-09-18 21:34:11 [parallel-node-action-thread-9] INFO  o.l.s.a.n.d.i.HistoryDiagnosisSummaryNode - 输入侧-历史诊断摘要聚合-完成
2026-09-18 21:34:11 [parallel-node-action-thread-8] INFO  o.l.s.a.n.d.i.EmotionStatisticsNode - 输入侧-情绪数据处理-开始
2026-09-18 21:34:11 [parallel-node-action-thread-8] INFO  o.l.s.a.n.d.i.EmotionStatisticsNode - 输入侧-情绪数据处理-有效情绪轮次数：2
2026-09-18 21:34:11 [parallel-node-action-thread-8] INFO  o.l.s.a.n.d.i.EmotionStatisticsNode - 输入侧-情绪数据处理-完成
2026-09-18 21:34:14 [boundedElastic-1] INFO  o.l.s.a.m.p.d.LoggingDecorator - [模型流式输出-日志装饰器] 流式完成，会话ID：2100941138864812033，模型正文完整内容：嗯……我懂那种感觉，不是身体累，是心里那根弦松了，什么都不想碰，连时间都懒得去看。窗帘拉着，白天黑夜都糊在一起，好像把自己裹起来了。这样待着也没关系的，我不催你。

就是有点惦记
2026-09-18 21:34:14 [boundedElastic-1] INFO  o.l.s.a.i.s.ConversationHistoryMessagesStorage - 开始批量保存会话消息，用户ID：2096823365855289345，会话ID：2100941138864812033，轮次：4，消息数量：1
2026-09-18 21:34:14 [boundedElastic-1] INFO  o.l.s.a.i.s.ConversationHistoryMessagesStorage - 会话消息批量保存成功，用户ID：2096823365855289345，会话ID：2100941138864812033，保存数量：1
2026-09-18 21:34:14 [boundedElastic-1] INFO  o.l.s.a.m.p.d.MessagePersistDecorator - [模型流式输出-消息持久化装饰器] 持久化模型完整消息，会话ID：2100941138864812033，轮次：4
2026-09-18 21:34:14 [boundedElastic-1] INFO  o.l.s.i.c.p.TextMessageProcessor - [AI对话文本处理器] 流式完成，会话ID：2100941138864812033
2026-09-18 21:34:14 [boundedElastic-1] INFO  o.l.s.i.c.p.TextMessageProcessor - [AI对话文本处理器]-更新Redis缓存历史上下文，会话ID：2100941138864812033
2026-09-18 21:34:14 [boundedElastic-1] INFO  o.l.s.i.c.p.TextMessageProcessor - [AI对话文本处理器]-缓存历史上下文更新成功，当前消息数：8，会话ID：2100941138864812033
2026-09-18 21:34:14 [boundedElastic-1] INFO  o.l.s.a.m.p.d.LoggingDecorator - [模型流式输出-日志装饰器] 流式处理流程结束，会话ID：2100941138864812033
2026-09-18 21:34:14 [boundedElastic-1] INFO  o.l.s.i.c.p.TextMessageProcessor - [AI对话文本处理器]-流式处理完成，会话ID：2100941138864812033，用户ID：2096823365855289345
2026-09-18 21:34:15 [parallel-node-action-thread-7] INFO  o.l.s.a.n.d.i.MessageStructuredProcessNode - 输入侧-消息结构化处理-完成
2026-09-18 21:34:15 [parallel-node-action-thread-7] INFO  o.l.s.a.n.d.i.SymptomNormalizeNode - 输入侧-语义归一化处理-开始
2026-09-18 21:34:15 [parallel-node-action-thread-7] INFO  o.l.s.a.n.d.i.SymptomNormalizeNode - 输入侧-语义归一化处理-症状原文条数：1
2026-09-18 21:34:15 [parallel-node-action-thread-7] INFO  o.l.s.a.n.d.i.SymptomNormalizeNode - 输入侧-语义归一化处理-清洗后有效条数：1
2026-09-18 21:34:15 [parallel-node-action-thread-7] INFO  o.l.s.a.n.d.i.SymptomNormalizeNode - 输入侧-语义归一化处理-加载规则词典条数：56
2026-09-18 21:34:15 [parallel-node-action-thread-7] INFO  o.l.s.a.n.d.i.SymptomNormalizeNode - 输入侧-语义归一化处理-规则匹配成功：0，待模型处理：1
2026-09-18 21:34:16 [XNIO-1 task-3] INFO  o.l.c.a.f.JwtAuthenticationTokenFilter - 请求匹配放行规则: /temp/conversation-test/send
2026-09-18 21:34:16 [XNIO-1 task-3] INFO  o.l.c.a.f.JwtAuthenticationTokenFilter - 令牌中存放的id为2096823365855289345，类型为USER
2026-09-18 21:34:16 [XNIO-1 task-3] INFO  o.l.s.c.t.ConversationTestController - [测试-发送消息] 会话ID：2100941138864812033,消息内容：嗯……我懂那种感觉，不是身体累，是心里那根弦松了，什么都不想碰，连时间都懒得去看。窗帘拉着，白天黑夜都糊在一起，好像把自己裹起来了。这样待着也没关系的，我不催你。

就是有点惦记
2026-09-18 21:34:16 [parallel-node-action-thread-7] INFO  o.l.s.a.n.d.i.SymptomNormalizeNode - 输入侧-语义归一化处理-模型匹配成功：1，未匹配保留原文：0
2026-09-18 21:34:16 [parallel-node-action-thread-7] INFO  o.l.s.a.n.d.i.SymptomNormalizeNode - 输入侧-语义归一化处理-完成，标准化标签数：1
2026-09-18 21:34:16 [DiagnosisThread-11] INFO  o.l.s.ai.node.diagnosis.InputNode - 诊断流程-输入侧节点-完成
2026-09-18 21:34:16 [DiagnosisThread-11] INFO  o.l.s.a.node.diagnosis.KnowledgeNode - 诊断流程-知识侧节点-开始
2026-09-18 21:34:16 [DiagnosisThread-11] INFO  o.l.s.a.n.d.k.QueryTransformLayerNode - 知识侧-查询变换层-开始
2026-09-18 21:34:16 [DiagnosisThread-11] INFO  o.l.s.a.n.d.k.QueryTransformLayerNode - 知识侧-查询变换层-首次执行，为三种类型生成Query
2026-09-18 21:34:19 [DiagnosisThread-14] INFO  o.l.s.a.n.c.EmotionRecognitionNode - [情感识别节点] 情感分析结果已持久化，会话ID：2100941138864812033，轮次：4
2026-09-18 21:34:19 [DiagnosisThread-14] INFO  o.l.s.a.n.c.EmotionRecognitionNode - [情感识别节点] 情感分析结果已追加至Redis缓存，会话ID：2100941138864812033，轮次：4，当前缓存条数：4
2026-09-18 21:34:19 [DiagnosisThread-14] INFO  o.l.s.ai.node.diagnosis.InputNode - 诊断流程-输入侧节点-开始
2026-09-18 21:34:19 [DiagnosisThread-14] INFO  o.l.s.a.n.d.input.PreCleanNode - 输入侧-数据预清洗-开始
2026-09-18 21:34:19 [DiagnosisThread-14] INFO  o.l.s.a.n.d.input.PreCleanNode - 输入侧-数据预清洗-消息时序排序完成，总消息数：8
2026-09-18 21:34:19 [DiagnosisThread-14] INFO  o.l.s.a.n.d.input.PreCleanNode - 输入侧-数据预清洗-轮次聚合与有效性校验完成，轮次数：4
2026-09-18 21:34:19 [DiagnosisThread-14] INFO  o.l.s.a.n.d.input.PreCleanNode - 输入侧-数据预清洗-完成
2026-09-18 21:34:19 [parallel-node-action-thread-12] INFO  o.l.s.a.n.d.i.HistoryDiagnosisSummaryNode - 输入侧-历史诊断摘要聚合-开始
2026-09-18 21:34:19 [parallel-node-action-thread-10] INFO  o.l.s.a.n.d.i.MessageStructuredProcessNode - 输入侧-消息结构化处理-开始
2026-09-18 21:34:19 [parallel-node-action-thread-10] INFO  o.l.s.a.n.d.i.MessageStructuredProcessNode - 输入侧-消息结构化处理-有效轮次筛选完成，有效轮次数：4
2026-09-18 21:34:19 [parallel-node-action-thread-11] INFO  o.l.s.a.n.d.i.EmotionStatisticsNode - 输入侧-情绪数据处理-开始
2026-09-18 21:34:19 [parallel-node-action-thread-10] INFO  o.l.s.a.n.d.i.MessageStructuredProcessNode - 输入侧-消息结构化处理-分支B-有效轮次(4)达到阈值(3)，调用大模型提取核心信息
2026-09-18 21:34:19 [parallel-node-action-thread-11] INFO  o.l.s.a.n.d.i.EmotionStatisticsNode - 输入侧-情绪数据处理-有效情绪轮次数：2
2026-09-18 21:34:19 [parallel-node-action-thread-11] INFO  o.l.s.a.n.d.i.EmotionStatisticsNode - 输入侧-情绪数据处理-完成
2026-09-18 21:34:19 [parallel-node-action-thread-12] INFO  o.l.s.a.n.d.i.HistoryDiagnosisSummaryNode - 输入侧-历史诊断摘要聚合-无历史诊断记录，返回首次诊断空摘要格式化提示词
2026-09-18 21:34:19 [parallel-node-action-thread-12] INFO  o.l.s.a.n.d.i.HistoryDiagnosisSummaryNode - 输入侧-历史诊断摘要聚合-完成
2026-09-18 21:34:20 [XNIO-1 task-3] INFO  o.l.s.c.t.ConversationTestController - [测试-发送消息] 模型同步调用完成，回复内容：……嗯。

你说惦记……我好像很久没听人这么说了。

室友前两天敲门，问要不要一起去吃饭。我说不饿。

其实……也不是不饿。
2026-09-18 21:34:20 [XNIO-1 task-3] INFO  o.l.c.a.f.JwtAuthenticationTokenFilter - 开始令牌校验
2026-09-18 21:34:20 [XNIO-1 task-3] INFO  o.l.c.a.f.JwtAuthenticationTokenFilter - 令牌中存放的id为2096823365855289345，类型为USER
2026-09-18 21:34:20 [XNIO-1 task-3] INFO  o.l.c.a.aspect.CurrentLimitingAspect - 接口限流切面方法开始
2026-09-18 21:34:20 [XNIO-1 task-3] INFO  o.l.s.c.u.conversation.AIController - 接收用户消息发送请求：UserMessageSendDTO(message=……嗯。

你说惦记……我好像很久没听人这么说了。

室友前两天敲门，问要不要一起去吃饭。我说不饿。

其实……也不是不饿。, conversationId=2100941138864812033)
2026-09-18 21:34:20 [XNIO-1 task-3] INFO  o.l.s.s.impl.user.AIChatServiceImpl - 开始处理用户消息发送，用户ID：2096823365855289345，会话ID：2100941138864812033，消息内容：……嗯。

你说惦记……我好像很久没听人这么说了。

室友前两天敲门，问要不要一起去吃饭。我说不饿。

其实……也不是不饿。
2026-09-18 21:34:20 [XNIO-1 task-3] INFO  o.l.s.s.impl.user.AIChatServiceImpl - 用户消息发送完成，会话ID：2100941138864812033，当前轮次：5
2026-09-18 21:34:20 [DiagnosisThread-11] INFO  o.l.s.a.n.d.k.QueryTransformLayerNode - 知识侧-查询变换层-完成，症状Query：食欲改变 不想吃东西 进食量减少 的症状表现与严重程度评估标准，诊断Query：情绪中性、无明显情绪波动伴随食欲改变和不想进食 对应的心理状态诊断标准，干预Query：食欲改变、不想吃东西、整天待在宿舍、只想随便聊聊 的成因分析与支持性倾诉、行为激活及生活规律调整建议
2026-09-18 21:34:20 [parallel-node-action-thread-14] INFO  o.l.s.a.n.d.k.DiagnosisStandardRepositoryNode - 知识侧-查询诊断标准库-开始
2026-09-18 21:34:20 [parallel-node-action-thread-13] INFO  o.l.s.a.n.d.k.SymptomKnowledgeRepositoryNode - 知识侧-查询症状知识库-开始
2026-09-18 21:34:20 [parallel-node-action-thread-15] INFO  o.l.s.a.n.d.k.InterventionPlanRepositoryNode - 知识侧-查询干预方案库-开始
2026-09-18 21:34:21 [parallel-node-action-thread-15] INFO  o.l.s.a.n.d.k.InterventionPlanRepositoryNode - 知识侧-查询干预方案库-完成，检索到 0 条记录
2026-09-18 21:34:21 [parallel-node-action-thread-14] INFO  o.l.s.a.n.d.k.DiagnosisStandardRepositoryNode - 知识侧-查询诊断标准库-完成，检索到 0 条记录
2026-09-18 21:34:21 [parallel-node-action-thread-13] INFO  o.l.s.a.n.d.k.SymptomKnowledgeRepositoryNode - 知识侧-查询症状知识库-完成，检索到 0 条记录
2026-09-18 21:34:21 [parallel-node-action-thread-14] INFO  o.l.s.a.n.d.k.RerankLayerNode - 知识侧-重排层节点-开始
2026-09-18 21:34:21 [parallel-node-action-thread-14] INFO  o.l.s.a.n.d.k.RerankLayerNode - 知识侧-重排层节点-前置检查：存在空数据，空库数=3，重试次数[症状=0,诊断=0,干预=0]
2026-09-18 21:34:21 [parallel-node-action-thread-14] INFO  o.l.s.a.n.d.k.RerankLayerNode - 知识侧-重排层节点-前置检查：需要重试的类型[症状=true,诊断=true,干预=true]，路由到查询变换层
2026-09-18 21:34:21 [parallel-node-action-thread-14] INFO  o.l.s.a.n.d.k.RerankLayerNode - 知识侧-重排层节点-前置检查路由决策：retry_all，重试次数[症状=1,诊断=1,干预=1]
2026-09-18 21:34:21 [parallel-node-action-thread-14] INFO  o.l.s.a.n.d.k.QueryTransformLayerNode - 知识侧-查询变换层-开始
2026-09-18 21:34:21 [parallel-node-action-thread-14] INFO  o.l.s.a.n.d.k.QueryTransformLayerNode - 知识侧-查询变换层-重试执行，需要生成Query的类型[症状=true,诊断=true,干预=true]
2026-09-18 21:34:23 [audio-aggregate-proc-4] INFO  o.l.s.s.ConversationAggregateScheduler - 从ZSet集合中移除会话ID成功，开始处理会话消息，会话ID：2100941138864812033
2026-09-18 21:34:23 [audio-aggregate-proc-4] INFO  o.l.s.i.c.ConversationMessageProcessor - [流程编排] 开始会话消息处理，会话ID：2100941138864812033
2026-09-18 21:34:23 [audio-aggregate-proc-4] INFO  o.l.s.i.c.ConversationCacheManager - 开始会话缓存加载，会话ID：2100941138864812033
2026-09-18 21:34:23 [audio-aggregate-proc-4] INFO  o.l.s.i.c.ConversationMessageProcessor - [主线程] 开始主线程执行，会话ID：2100941138864812033，执行器：TextMessageProcessor
2026-09-18 21:34:23 [audio-aggregate-proc-4] INFO  o.l.s.i.c.ConversationMessageProcessor - [主线程] 开始调用消息处理器，会话ID：2100941138864812033
2026-09-18 21:34:23 [audio-aggregate-proc-4] INFO  o.l.s.i.c.p.TextMessageProcessor - [AI对话文本处理器] 开始文本消息处理，会话ID：2100941138864812033，临时消息数：1
2026-09-18 21:34:23 [audio-aggregate-proc-4] INFO  o.l.s.i.c.p.TextMessageProcessor - [AI对话文本处理器] 流式订阅已启动，会话ID：2100941138864812033，用户ID：2096823365855289345
2026-09-18 21:34:23 [audio-aggregate-proc-4] INFO  o.l.s.i.c.ConversationMessageProcessor - [主线程] 主线程执行完成，会话ID：2100941138864812033，耗时：2ms
2026-09-18 21:34:23 [DiagnosisThread-9] INFO  o.l.s.i.c.ConversationAiService - 分析与诊断功能，会话ID：2100941138864812033
2026-09-18 21:34:23 [audio-aggregate-proc-4] INFO  o.l.s.i.c.ConversationMessageProcessor - [流程编排] 会话消息处理完成，会话ID：2100941138864812033，处理消息数：1
2026-09-18 21:34:25 [boundedElastic-2] INFO  o.l.s.a.m.p.d.LoggingDecorator - [模型流式输出-日志装饰器] 流式完成，会话ID：2100941138864812033，模型正文完整内容：……嗯，我听到了。好久没人惦记你，这句话说出来的时候，我心里也软了一下。其实你值得被惦记的，一直都值得。

室友敲门那下，其实也是有人在惦记你呀。你说"不饿"，我猜不是不想去，是那道门好像有点
2026-09-18 21:34:25 [boundedElastic-2] INFO  o.l.s.a.i.s.ConversationHistoryMessagesStorage - 开始批量保存会话消息，用户ID：2096823365855289345，会话ID：2100941138864812033，轮次：5，消息数量：1
2026-09-18 21:34:25 [boundedElastic-2] INFO  o.l.s.a.i.s.ConversationHistoryMessagesStorage - 会话消息批量保存成功，用户ID：2096823365855289345，会话ID：2100941138864812033，保存数量：1
2026-09-18 21:34:25 [boundedElastic-2] INFO  o.l.s.a.m.p.d.MessagePersistDecorator - [模型流式输出-消息持久化装饰器] 持久化模型完整消息，会话ID：2100941138864812033，轮次：5
2026-09-18 21:34:25 [boundedElastic-2] INFO  o.l.s.i.c.p.TextMessageProcessor - [AI对话文本处理器] 流式完成，会话ID：2100941138864812033
2026-09-18 21:34:25 [boundedElastic-2] INFO  o.l.s.i.c.p.TextMessageProcessor - [AI对话文本处理器]-更新Redis缓存历史上下文，会话ID：2100941138864812033
2026-09-18 21:34:25 [boundedElastic-2] INFO  o.l.s.i.c.p.TextMessageProcessor - [AI对话文本处理器]-缓存历史上下文更新成功，当前消息数：10，会话ID：2100941138864812033
2026-09-18 21:34:25 [boundedElastic-2] INFO  o.l.s.a.m.p.d.LoggingDecorator - [模型流式输出-日志装饰器] 流式处理流程结束，会话ID：2100941138864812033
2026-09-18 21:34:25 [boundedElastic-2] INFO  o.l.s.i.c.p.TextMessageProcessor - [AI对话文本处理器]-流式处理完成，会话ID：2100941138864812033，用户ID：2096823365855289345
2026-09-18 21:34:25 [parallel-node-action-thread-10] INFO  o.l.s.a.n.d.i.MessageStructuredProcessNode - 输入侧-消息结构化处理-完成
2026-09-18 21:34:25 [parallel-node-action-thread-10] INFO  o.l.s.a.n.d.i.SymptomNormalizeNode - 输入侧-语义归一化处理-开始
2026-09-18 21:34:25 [parallel-node-action-thread-10] INFO  o.l.s.a.n.d.i.SymptomNormalizeNode - 输入侧-语义归一化处理-症状原文条数：4
2026-09-18 21:34:25 [parallel-node-action-thread-10] INFO  o.l.s.a.n.d.i.SymptomNormalizeNode - 输入侧-语义归一化处理-清洗后有效条数：4
2026-09-18 21:34:25 [parallel-node-action-thread-10] INFO  o.l.s.a.n.d.i.SymptomNormalizeNode - 输入侧-语义归一化处理-加载规则词典条数：56
2026-09-18 21:34:25 [parallel-node-action-thread-10] INFO  o.l.s.a.n.d.i.SymptomNormalizeNode - 输入侧-语义归一化处理-规则匹配成功：0，待模型处理：4
2026-09-18 21:34:27 [XNIO-1 task-3] INFO  o.l.c.a.f.JwtAuthenticationTokenFilter - 请求匹配放行规则: /temp/conversation-test/send
2026-09-18 21:34:27 [XNIO-1 task-3] INFO  o.l.c.a.f.JwtAuthenticationTokenFilter - 令牌中存放的id为2096823365855289345，类型为USER
2026-09-18 21:34:27 [XNIO-1 task-3] INFO  o.l.s.c.t.ConversationTestController - [测试-发送消息] 会话ID：2100941138864812033,消息内容：……嗯，我听到了。好久没人惦记你，这句话说出来的时候，我心里也软了一下。其实你值得被惦记的，一直都值得。

室友敲门那下，其实也是有人在惦记你呀。你说"不饿"，我猜不是不想去，是那道门好像有点
2026-09-18 21:34:28 [XNIO-1 task-3] INFO  o.l.s.c.t.ConversationTestController - [测试-发送消息] 模型同步调用完成，回复内容：……嗯。

你说得对。也不是不想去。

就是……从床上起来，开门，走到食堂，一路上要说话，要笑……想想就觉得，好累。

好像光是想一下，力气就用完了。

然后就又缩回去了。
2026-09-18 21:34:28 [XNIO-1 task-3] INFO  o.l.c.a.f.JwtAuthenticationTokenFilter - 开始令牌校验
2026-09-18 21:34:28 [XNIO-1 task-3] INFO  o.l.c.a.f.JwtAuthenticationTokenFilter - 令牌中存放的id为2096823365855289345，类型为USER
2026-09-18 21:34:28 [XNIO-1 task-3] INFO  o.l.c.a.aspect.CurrentLimitingAspect - 接口限流切面方法开始
2026-09-18 21:34:28 [XNIO-1 task-3] INFO  o.l.s.c.u.conversation.AIController - 接收用户消息发送请求：UserMessageSendDTO(message=……嗯。

你说得对。也不是不想去。

就是……从床上起来，开门，走到食堂，一路上要说话，要笑……想想就觉得，好累。

好像光是想一下，力气就用完了。

然后就又缩回去了。, conversationId=2100941138864812033)
2026-09-18 21:34:28 [XNIO-1 task-3] INFO  o.l.s.s.impl.user.AIChatServiceImpl - 开始处理用户消息发送，用户ID：2096823365855289345，会话ID：2100941138864812033，消息内容：……嗯。

你说得对。也不是不想去。

就是……从床上起来，开门，走到食堂，一路上要说话，要笑……想想就觉得，好累。

好像光是想一下，力气就用完了。

然后就又缩回去了。
2026-09-18 21:34:28 [XNIO-1 task-3] INFO  o.l.s.s.impl.user.AIChatServiceImpl - 用户消息发送完成，会话ID：2100941138864812033，当前轮次：6
2026-09-18 21:34:29 [parallel-node-action-thread-14] INFO  o.l.s.a.n.d.k.QueryTransformLayerNode - 知识侧-查询变换层-完成，症状Query：食欲改变 症状表现 严重程度标准，诊断Query：食欲改变 情绪平淡 诊断标准，干预Query：食欲改变 情绪调节 干预建议
2026-09-18 21:34:29 [parallel-node-action-thread-18] INFO  o.l.s.a.n.d.k.InterventionPlanRepositoryNode - 知识侧-查询干预方案库-开始
2026-09-18 21:34:29 [parallel-node-action-thread-17] INFO  o.l.s.a.n.d.k.DiagnosisStandardRepositoryNode - 知识侧-查询诊断标准库-开始
2026-09-18 21:34:29 [parallel-node-action-thread-16] INFO  o.l.s.a.n.d.k.SymptomKnowledgeRepositoryNode - 知识侧-查询症状知识库-开始
2026-09-18 21:34:29 [parallel-node-action-thread-16] INFO  o.l.s.a.n.d.k.SymptomKnowledgeRepositoryNode - 知识侧-查询症状知识库-完成，检索到 0 条记录
2026-09-18 21:34:29 [parallel-node-action-thread-17] INFO  o.l.s.a.n.d.k.DiagnosisStandardRepositoryNode - 知识侧-查询诊断标准库-完成，检索到 0 条记录
2026-09-18 21:34:29 [parallel-node-action-thread-18] INFO  o.l.s.a.n.d.k.InterventionPlanRepositoryNode - 知识侧-查询干预方案库-完成，检索到 0 条记录
2026-09-18 21:34:29 [parallel-node-action-thread-16] INFO  o.l.s.a.n.d.k.RerankLayerNode - 知识侧-重排层节点-开始
2026-09-18 21:34:29 [parallel-node-action-thread-16] INFO  o.l.s.a.n.d.k.RerankLayerNode - 知识侧-重排层节点-前置检查：存在空数据，空库数=3，重试次数[症状=1,诊断=1,干预=1]
2026-09-18 21:34:29 [parallel-node-action-thread-16] INFO  o.l.s.a.n.d.k.RerankLayerNode - 知识侧-重排层节点-前置检查：需要重试的类型[症状=true,诊断=true,干预=true]，路由到查询变换层
2026-09-18 21:34:29 [parallel-node-action-thread-16] INFO  o.l.s.a.n.d.k.RerankLayerNode - 知识侧-重排层节点-前置检查路由决策：retry_all，重试次数[症状=2,诊断=2,干预=2]
2026-09-18 21:34:29 [parallel-node-action-thread-16] INFO  o.l.s.a.n.d.k.QueryTransformLayerNode - 知识侧-查询变换层-开始
2026-09-18 21:34:29 [parallel-node-action-thread-16] INFO  o.l.s.a.n.d.k.QueryTransformLayerNode - 知识侧-查询变换层-重试执行，需要生成Query的类型[症状=true,诊断=true,干预=true]
2026-09-18 21:34:30 [DiagnosisThread-9] INFO  o.l.s.a.n.c.EmotionRecognitionNode - [情感识别节点] 情感分析结果已持久化，会话ID：2100941138864812033，轮次：5
2026-09-18 21:34:30 [DiagnosisThread-9] INFO  o.l.s.a.n.c.EmotionRecognitionNode - [情感识别节点] 情感分析结果已追加至Redis缓存，会话ID：2100941138864812033，轮次：5，当前缓存条数：5
2026-09-18 21:34:30 [DiagnosisThread-9] INFO  o.l.s.ai.node.diagnosis.InputNode - 诊断流程-输入侧节点-开始
2026-09-18 21:34:30 [DiagnosisThread-9] INFO  o.l.s.a.n.d.input.PreCleanNode - 输入侧-数据预清洗-开始
2026-09-18 21:34:30 [DiagnosisThread-9] INFO  o.l.s.a.n.d.input.PreCleanNode - 输入侧-数据预清洗-消息时序排序完成，总消息数：10
2026-09-18 21:34:30 [DiagnosisThread-9] INFO  o.l.s.a.n.d.input.PreCleanNode - 输入侧-数据预清洗-轮次聚合与有效性校验完成，轮次数：5
2026-09-18 21:34:30 [DiagnosisThread-9] INFO  o.l.s.a.n.d.input.PreCleanNode - 输入侧-数据预清洗-完成
2026-09-18 21:34:30 [parallel-node-action-thread-21] INFO  o.l.s.a.n.d.i.HistoryDiagnosisSummaryNode - 输入侧-历史诊断摘要聚合-开始
2026-09-18 21:34:30 [parallel-node-action-thread-20] INFO  o.l.s.a.n.d.i.EmotionStatisticsNode - 输入侧-情绪数据处理-开始
2026-09-18 21:34:30 [parallel-node-action-thread-20] INFO  o.l.s.a.n.d.i.EmotionStatisticsNode - 输入侧-情绪数据处理-有效情绪轮次数：4
2026-09-18 21:34:30 [parallel-node-action-thread-19] INFO  o.l.s.a.n.d.i.MessageStructuredProcessNode - 输入侧-消息结构化处理-开始
2026-09-18 21:34:30 [parallel-node-action-thread-19] INFO  o.l.s.a.n.d.i.MessageStructuredProcessNode - 输入侧-消息结构化处理-有效轮次筛选完成，有效轮次数：5
2026-09-18 21:34:30 [parallel-node-action-thread-20] INFO  o.l.s.a.n.d.i.EmotionStatisticsNode - 输入侧-情绪数据处理-完成
2026-09-18 21:34:30 [parallel-node-action-thread-19] INFO  o.l.s.a.n.d.i.MessageStructuredProcessNode - 输入侧-消息结构化处理-分支B-有效轮次(5)达到阈值(3)，调用大模型提取核心信息
2026-09-18 21:34:30 [parallel-node-action-thread-21] INFO  o.l.s.a.n.d.i.HistoryDiagnosisSummaryNode - 输入侧-历史诊断摘要聚合-无历史诊断记录，返回首次诊断空摘要格式化提示词
2026-09-18 21:34:30 [parallel-node-action-thread-21] INFO  o.l.s.a.n.d.i.HistoryDiagnosisSummaryNode - 输入侧-历史诊断摘要聚合-完成
2026-09-18 21:34:31 [audio-aggregate-proc-5] INFO  o.l.s.s.ConversationAggregateScheduler - 从ZSet集合中移除会话ID成功，开始处理会话消息，会话ID：2100941138864812033
2026-09-18 21:34:31 [audio-aggregate-proc-5] INFO  o.l.s.i.c.ConversationMessageProcessor - [流程编排] 开始会话消息处理，会话ID：2100941138864812033
2026-09-18 21:34:31 [audio-aggregate-proc-5] INFO  o.l.s.i.c.ConversationCacheManager - 开始会话缓存加载，会话ID：2100941138864812033
2026-09-18 21:34:31 [audio-aggregate-proc-5] INFO  o.l.s.i.c.ConversationMessageProcessor - [主线程] 开始主线程执行，会话ID：2100941138864812033，执行器：TextMessageProcessor
2026-09-18 21:34:31 [audio-aggregate-proc-5] INFO  o.l.s.i.c.ConversationMessageProcessor - [主线程] 开始调用消息处理器，会话ID：2100941138864812033
2026-09-18 21:34:31 [audio-aggregate-proc-5] INFO  o.l.s.i.c.p.TextMessageProcessor - [AI对话文本处理器] 开始文本消息处理，会话ID：2100941138864812033，临时消息数：1
2026-09-18 21:34:31 [audio-aggregate-proc-5] INFO  o.l.s.i.c.p.TextMessageProcessor - [AI对话文本处理器] 流式订阅已启动，会话ID：2100941138864812033，用户ID：2096823365855289345
2026-09-18 21:34:31 [audio-aggregate-proc-5] INFO  o.l.s.i.c.ConversationMessageProcessor - [主线程] 主线程执行完成，会话ID：2100941138864812033，耗时：2ms
2026-09-18 21:34:31 [DiagnosisThread-13] INFO  o.l.s.i.c.ConversationAiService - 分析与诊断功能，会话ID：2100941138864812033
2026-09-18 21:34:31 [audio-aggregate-proc-5] INFO  o.l.s.i.c.ConversationMessageProcessor - [流程编排] 会话消息处理完成，会话ID：2100941138864812033，处理消息数：1
2026-09-18 21:34:34 [boundedElastic-1] INFO  o.l.s.a.m.p.d.LoggingDecorator - [模型流式输出-日志装饰器] 流式完成，会话ID：2100941138864812033，模型正文完整内容：……嗯，我懂。不是懒，也不是不想跟人亲近，是那一路的"起来、开门、走路、说话、笑"，在脑子里先演了一遍，力气就已经被抽干了。
2026-09-18 21:34:34 [boundedElastic-1] INFO  o.l.s.a.i.s.ConversationHistoryMessagesStorage - 开始批量保存会话消息，用户ID：2096823365855289345，会话ID：2100941138864812033，轮次：6，消息数量：1
2026-09-18 21:34:34 [boundedElastic-1] INFO  o.l.s.a.i.s.ConversationHistoryMessagesStorage - 会话消息批量保存成功，用户ID：2096823365855289345，会话ID：2100941138864812033，保存数量：1
2026-09-18 21:34:34 [boundedElastic-1] INFO  o.l.s.a.m.p.d.MessagePersistDecorator - [模型流式输出-消息持久化装饰器] 持久化模型完整消息，会话ID：2100941138864812033，轮次：6
2026-09-18 21:34:34 [boundedElastic-1] INFO  o.l.s.i.c.p.TextMessageProcessor - [AI对话文本处理器] 流式完成，会话ID：2100941138864812033
2026-09-18 21:34:34 [boundedElastic-1] INFO  o.l.s.i.c.p.TextMessageProcessor - [AI对话文本处理器]-更新Redis缓存历史上下文，会话ID：2100941138864812033
2026-09-18 21:34:34 [boundedElastic-1] INFO  o.l.s.i.c.p.TextMessageProcessor - [AI对话文本处理器]-缓存历史上下文更新成功，当前消息数：12，会话ID：2100941138864812033
2026-09-18 21:34:34 [boundedElastic-1] INFO  o.l.s.a.m.p.d.LoggingDecorator - [模型流式输出-日志装饰器] 流式处理流程结束，会话ID：2100941138864812033
2026-09-18 21:34:34 [boundedElastic-1] INFO  o.l.s.i.c.p.TextMessageProcessor - [AI对话文本处理器]-流式处理完成，会话ID：2100941138864812033，用户ID：2096823365855289345
2026-09-18 21:34:35 [parallel-node-action-thread-16] INFO  o.l.s.a.n.d.k.QueryTransformLayerNode - 知识侧-查询变换层-完成，症状Query：食欲改变，诊断Query：食欲改变，干预Query：食欲改变
2026-09-18 21:34:35 [parallel-node-action-thread-23] INFO  o.l.s.a.n.d.k.DiagnosisStandardRepositoryNode - 知识侧-查询诊断标准库-开始
2026-09-18 21:34:35 [parallel-node-action-thread-24] INFO  o.l.s.a.n.d.k.InterventionPlanRepositoryNode - 知识侧-查询干预方案库-开始
2026-09-18 21:34:35 [parallel-node-action-thread-22] INFO  o.l.s.a.n.d.k.SymptomKnowledgeRepositoryNode - 知识侧-查询症状知识库-开始
2026-09-18 21:34:35 [parallel-node-action-thread-22] INFO  o.l.s.a.n.d.k.SymptomKnowledgeRepositoryNode - 知识侧-查询症状知识库-完成，检索到 0 条记录
2026-09-18 21:34:35 [parallel-node-action-thread-24] INFO  o.l.s.a.n.d.k.InterventionPlanRepositoryNode - 知识侧-查询干预方案库-完成，检索到 0 条记录
2026-09-18 21:34:35 [parallel-node-action-thread-23] INFO  o.l.s.a.n.d.k.DiagnosisStandardRepositoryNode - 知识侧-查询诊断标准库-完成，检索到 0 条记录
2026-09-18 21:34:35 [parallel-node-action-thread-23] INFO  o.l.s.a.n.d.k.RerankLayerNode - 知识侧-重排层节点-开始
2026-09-18 21:34:35 [parallel-node-action-thread-23] INFO  o.l.s.a.n.d.k.RerankLayerNode - 知识侧-重排层节点-前置检查：存在空数据，空库数=3，重试次数[症状=2,诊断=2,干预=2]
2026-09-18 21:34:35 [parallel-node-action-thread-23] INFO  o.l.s.a.n.d.k.RerankLayerNode - 知识侧-重排层节点-前置检查：需要重试的类型[症状=true,诊断=true,干预=true]，路由到查询变换层
2026-09-18 21:34:35 [parallel-node-action-thread-23] INFO  o.l.s.a.n.d.k.RerankLayerNode - 知识侧-重排层节点-前置检查路由决策：retry_all，重试次数[症状=3,诊断=3,干预=3]
2026-09-18 21:34:35 [parallel-node-action-thread-23] INFO  o.l.s.a.n.d.k.QueryTransformLayerNode - 知识侧-查询变换层-开始
2026-09-18 21:34:35 [parallel-node-action-thread-23] INFO  o.l.s.a.n.d.k.QueryTransformLayerNode - 知识侧-查询变换层-重试执行，需要生成Query的类型[症状=true,诊断=true,干预=true]
2026-09-18 21:34:36 [XNIO-1 task-3] INFO  o.l.c.a.f.JwtAuthenticationTokenFilter - 请求匹配放行规则: /temp/conversation-test/send
2026-09-18 21:34:36 [XNIO-1 task-3] INFO  o.l.c.a.f.JwtAuthenticationTokenFilter - 令牌中存放的id为2096823365855289345，类型为USER
2026-09-18 21:34:36 [XNIO-1 task-3] INFO  o.l.s.c.t.ConversationTestController - [测试-发送消息] 会话ID：2100941138864812033,消息内容：……嗯，我懂。不是懒，也不是不想跟人亲近，是那一路的"起来、开门、走路、说话、笑"，在脑子里先演了一遍，力气就已经被抽干了。
2026-09-18 21:34:38 [DiagnosisThread-13] INFO  o.l.s.a.n.c.EmotionRecognitionNode - [情感识别节点] 情感分析结果已持久化，会话ID：2100941138864812033，轮次：6
2026-09-18 21:34:38 [DiagnosisThread-13] INFO  o.l.s.a.n.c.EmotionRecognitionNode - [情感识别节点] 情感分析结果已追加至Redis缓存，会话ID：2100941138864812033，轮次：6，当前缓存条数：6
2026-09-18 21:34:38 [DiagnosisThread-13] INFO  o.l.s.ai.node.diagnosis.InputNode - 诊断流程-输入侧节点-开始
2026-09-18 21:34:38 [DiagnosisThread-13] INFO  o.l.s.a.n.d.input.PreCleanNode - 输入侧-数据预清洗-开始
2026-09-18 21:34:38 [DiagnosisThread-13] INFO  o.l.s.a.n.d.input.PreCleanNode - 输入侧-数据预清洗-消息时序排序完成，总消息数：12
2026-09-18 21:34:38 [DiagnosisThread-13] INFO  o.l.s.a.n.d.input.PreCleanNode - 输入侧-数据预清洗-轮次聚合与有效性校验完成，轮次数：6
2026-09-18 21:34:38 [DiagnosisThread-13] INFO  o.l.s.a.n.d.input.PreCleanNode - 输入侧-数据预清洗-完成
2026-09-18 21:34:38 [parallel-node-action-thread-25] INFO  o.l.s.a.n.d.i.MessageStructuredProcessNode - 输入侧-消息结构化处理-开始
2026-09-18 21:34:38 [parallel-node-action-thread-25] INFO  o.l.s.a.n.d.i.MessageStructuredProcessNode - 输入侧-消息结构化处理-有效轮次筛选完成，有效轮次数：6
2026-09-18 21:34:38 [parallel-node-action-thread-27] INFO  o.l.s.a.n.d.i.HistoryDiagnosisSummaryNode - 输入侧-历史诊断摘要聚合-开始
2026-09-18 21:34:38 [parallel-node-action-thread-25] INFO  o.l.s.a.n.d.i.MessageStructuredProcessNode - 输入侧-消息结构化处理-分支B-有效轮次(6)达到阈值(3)，调用大模型提取核心信息
2026-09-18 21:34:38 [parallel-node-action-thread-26] INFO  o.l.s.a.n.d.i.EmotionStatisticsNode - 输入侧-情绪数据处理-开始
2026-09-18 21:34:38 [parallel-node-action-thread-26] INFO  o.l.s.a.n.d.i.EmotionStatisticsNode - 输入侧-情绪数据处理-有效情绪轮次数：5
2026-09-18 21:34:38 [parallel-node-action-thread-27] INFO  o.l.s.a.n.d.i.HistoryDiagnosisSummaryNode - 输入侧-历史诊断摘要聚合-无历史诊断记录，返回首次诊断空摘要格式化提示词
2026-09-18 21:34:38 [parallel-node-action-thread-26] INFO  o.l.s.a.n.d.i.EmotionStatisticsNode - 输入侧-情绪数据处理-完成
2026-09-18 21:34:38 [parallel-node-action-thread-27] INFO  o.l.s.a.n.d.i.HistoryDiagnosisSummaryNode - 输入侧-历史诊断摘要聚合-完成
2026-09-18 21:34:38 [XNIO-1 task-3] INFO  o.l.s.c.t.ConversationTestController - [测试-发送消息] 模型同步调用完成，回复内容：……嗯。

你好像……真的懂。

就是这样。每次都这样。明明决定了要起来，结果躺着躺着，天就黑了。

然后就觉得……自己怎么这么没用。
2026-09-18 21:34:38 [XNIO-1 task-3] INFO  o.l.c.a.f.JwtAuthenticationTokenFilter - 开始令牌校验
2026-09-18 21:34:38 [XNIO-1 task-3] INFO  o.l.c.a.f.JwtAuthenticationTokenFilter - 令牌中存放的id为2096823365855289345，类型为USER
2026-09-18 21:34:38 [XNIO-1 task-3] INFO  o.l.c.a.aspect.CurrentLimitingAspect - 接口限流切面方法开始
2026-09-18 21:34:38 [XNIO-1 task-3] INFO  o.l.s.c.u.conversation.AIController - 接收用户消息发送请求：UserMessageSendDTO(message=……嗯。

你好像……真的懂。

就是这样。每次都这样。明明决定了要起来，结果躺着躺着，天就黑了。

然后就觉得……自己怎么这么没用。, conversationId=2100941138864812033)
2026-09-18 21:34:38 [XNIO-1 task-3] INFO  o.l.s.s.impl.user.AIChatServiceImpl - 开始处理用户消息发送，用户ID：2096823365855289345，会话ID：2100941138864812033，消息内容：……嗯。

你好像……真的懂。

就是这样。每次都这样。明明决定了要起来，结果躺着躺着，天就黑了。

然后就觉得……自己怎么这么没用。
2026-09-18 21:34:38 [XNIO-1 task-3] INFO  o.l.s.s.impl.user.AIChatServiceImpl - 用户消息发送完成，会话ID：2100941138864812033，当前轮次：7
2026-09-18 21:34:41 [parallel-node-action-thread-23] INFO  o.l.s.a.n.d.k.QueryTransformLayerNode - 知识侧-查询变换层-完成，症状Query：食欲改变，诊断Query：食欲改变，干预Query：食欲改变
2026-09-18 21:34:41 [parallel-node-action-thread-28] INFO  o.l.s.a.n.d.k.SymptomKnowledgeRepositoryNode - 知识侧-查询症状知识库-开始
2026-09-18 21:34:41 [parallel-node-action-thread-29] INFO  o.l.s.a.n.d.k.DiagnosisStandardRepositoryNode - 知识侧-查询诊断标准库-开始
2026-09-18 21:34:41 [parallel-node-action-thread-30] INFO  o.l.s.a.n.d.k.InterventionPlanRepositoryNode - 知识侧-查询干预方案库-开始
2026-09-18 21:34:41 [parallel-node-action-thread-29] INFO  o.l.s.a.n.d.k.DiagnosisStandardRepositoryNode - 知识侧-查询诊断标准库-完成，检索到 0 条记录
2026-09-18 21:34:41 [parallel-node-action-thread-28] INFO  o.l.s.a.n.d.k.SymptomKnowledgeRepositoryNode - 知识侧-查询症状知识库-完成，检索到 0 条记录
2026-09-18 21:34:41 [parallel-node-action-thread-30] INFO  o.l.s.a.n.d.k.InterventionPlanRepositoryNode - 知识侧-查询干预方案库-完成，检索到 0 条记录
2026-09-18 21:34:41 [parallel-node-action-thread-28] INFO  o.l.s.a.n.d.k.RerankLayerNode - 知识侧-重排层节点-开始
2026-09-18 21:34:41 [parallel-node-action-thread-28] INFO  o.l.s.a.n.d.k.RerankLayerNode - 知识侧-重排层节点-前置检查：存在空数据，空库数=3，重试次数[症状=3,诊断=3,干预=3]
2026-09-18 21:34:41 [parallel-node-action-thread-28] INFO  o.l.s.a.n.d.k.RerankLayerNode - 知识侧-重排层节点-前置检查：症状库重试次数耗尽，使用兜底内容
2026-09-18 21:34:41 [parallel-node-action-thread-28] INFO  o.l.s.a.n.d.k.RerankLayerNode - 知识侧-重排层节点-兜底内容已应用，症状=true，诊断=false，干预=false
2026-09-18 21:34:41 [parallel-node-action-thread-28] INFO  o.l.s.a.n.d.k.RerankLayerNode - 知识侧-重排层节点-前置检查：诊断标准库重试次数耗尽，使用兜底内容
2026-09-18 21:34:41 [parallel-node-action-thread-28] INFO  o.l.s.a.n.d.k.RerankLayerNode - 知识侧-重排层节点-兜底内容已应用，症状=false，诊断=true，干预=false
2026-09-18 21:34:41 [parallel-node-action-thread-28] INFO  o.l.s.a.n.d.k.RerankLayerNode - 知识侧-重排层节点-前置检查：干预方案库重试次数耗尽，使用兜底内容
2026-09-18 21:34:41 [parallel-node-action-thread-28] INFO  o.l.s.a.n.d.k.RerankLayerNode - 知识侧-重排层节点-兜底内容已应用，症状=false，诊断=false，干预=true
2026-09-18 21:34:41 [parallel-node-action-thread-28] INFO  o.l.s.a.n.d.k.RerankLayerNode - 知识侧-重排层节点-前置检查：所有空库重试次数已耗尽，已应用兜底内容，继续重排有数据的库
2026-09-18 21:34:41 [parallel-node-action-thread-28] INFO  o.l.s.a.n.d.k.RerankLayerNode - 知识侧-重排层节点-后置检查：重排后存在空结果，空库数=3，重试次数[症状=3,诊断=3,干预=3]
2026-09-18 21:34:41 [parallel-node-action-thread-28] INFO  o.l.s.a.n.d.k.RerankLayerNode - 知识侧-重排层节点-兜底内容已应用，症状=true，诊断=false，干预=false
2026-09-18 21:34:41 [parallel-node-action-thread-28] INFO  o.l.s.a.n.d.k.RerankLayerNode - 知识侧-重排层节点-兜底内容已应用，症状=false，诊断=true，干预=false
2026-09-18 21:34:41 [parallel-node-action-thread-28] INFO  o.l.s.a.n.d.k.RerankLayerNode - 知识侧-重排层节点-兜底内容已应用，症状=false，诊断=false，干预=true
2026-09-18 21:34:41 [parallel-node-action-thread-28] INFO  o.l.s.a.n.d.k.RerankLayerNode - 知识侧-重排层节点-后置检查路由决策：end，重试次数[症状=3,诊断=3,干预=3]
2026-09-18 21:34:41 [DiagnosisThread-11] INFO  o.l.s.a.n.d.graph.KnowledgeGraph - KnowledgeGraph-执行完成，症状0条，诊断0条，干预0条
2026-09-18 21:34:41 [DiagnosisThread-11] INFO  o.l.s.a.node.diagnosis.KnowledgeNode - 诊断流程-知识侧节点-完成
2026-09-18 21:34:41 [DiagnosisThread-11] INFO  o.l.s.ai.node.diagnosis.ProcessNode - 诊断流程-处理侧节点-开始
2026-09-18 21:34:41 [parallel-node-action-thread-32] INFO  o.l.s.a.n.d.p.DiseaseCourseAttributionNode - 诊断处理侧-病程归因组-开始
2026-09-18 21:34:41 [parallel-node-action-thread-31] INFO  o.l.s.a.n.d.p.ComprehensiveDiagnosisNode - 诊断处理侧-情绪综合分析-开始
2026-09-18 21:34:41 [parallel-node-action-thread-1] INFO  o.l.s.a.n.d.p.PsychologicalStateNode - 诊断处理侧-心理状态与症状评估-开始
2026-09-18 21:34:41 [parallel-node-action-thread-2] INFO  o.l.s.a.n.d.p.SocialFunctionImpactNode - 诊断处理侧-社会功能影响评估-开始
2026-09-18 21:34:41 [parallel-node-action-thread-4] INFO  o.l.s.a.n.d.p.RiskAssessmentNode - 诊断处理侧-风险评估-开始
2026-09-18 21:34:41 [parallel-node-action-thread-3] INFO  o.l.s.a.n.d.p.ProtectiveFactorNode - 诊断处理侧-保护性因素分析-开始
2026-09-18 21:34:41 [audio-aggregate-proc-6] INFO  o.l.s.s.ConversationAggregateScheduler - 从ZSet集合中移除会话ID成功，开始处理会话消息，会话ID：2100941138864812033
2026-09-18 21:34:41 [audio-aggregate-proc-6] INFO  o.l.s.i.c.ConversationMessageProcessor - [流程编排] 开始会话消息处理，会话ID：2100941138864812033
2026-09-18 21:34:41 [audio-aggregate-proc-6] INFO  o.l.s.i.c.ConversationCacheManager - 开始会话缓存加载，会话ID：2100941138864812033
2026-09-18 21:34:41 [audio-aggregate-proc-6] INFO  o.l.s.i.c.ConversationMessageProcessor - [主线程] 开始主线程执行，会话ID：2100941138864812033，执行器：TextMessageProcessor
2026-09-18 21:34:41 [audio-aggregate-proc-6] INFO  o.l.s.i.c.ConversationMessageProcessor - [主线程] 开始调用消息处理器，会话ID：2100941138864812033
2026-09-18 21:34:41 [audio-aggregate-proc-6] INFO  o.l.s.i.c.p.TextMessageProcessor - [AI对话文本处理器] 开始文本消息处理，会话ID：2100941138864812033，临时消息数：1
2026-09-18 21:34:41 [audio-aggregate-proc-6] INFO  o.l.s.i.c.p.TextMessageProcessor - [AI对话文本处理器] 流式订阅已启动，会话ID：2100941138864812033，用户ID：2096823365855289345
2026-09-18 21:34:41 [audio-aggregate-proc-6] INFO  o.l.s.i.c.ConversationMessageProcessor - [主线程] 主线程执行完成，会话ID：2100941138864812033，耗时：1ms
2026-09-18 21:34:41 [DiagnosisThread-4] INFO  o.l.s.i.c.ConversationAiService - 分析与诊断功能，会话ID：2100941138864812033
2026-09-18 21:34:41 [audio-aggregate-proc-6] INFO  o.l.s.i.c.ConversationMessageProcessor - [流程编排] 会话消息处理完成，会话ID：2100941138864812033，处理消息数：1
2026-09-18 21:34:43 [parallel-node-action-thread-31] INFO  o.l.s.a.n.d.p.ComprehensiveDiagnosisNode - 诊断处理侧-情绪综合分析-完成，负向细分：{}，正向细分：{}
2026-09-18 21:34:43 [parallel-node-action-thread-2] INFO  o.l.s.a.n.d.p.SocialFunctionImpactNode - 诊断处理侧-社会功能影响评估-完成，受损程度：轻度受损，影响领域：食欲下降,社交活动减少,日常外出减少
2026-09-18 21:34:43 [boundedElastic-2] INFO  o.l.s.a.m.p.d.LoggingDecorator - [模型流式输出-日志装饰器] 流式完成，会话ID：2100941138864812033，模型正文完整内容：嗯，我懂，真的懂。那句"你好像真的懂"，我听着心里也酸酸的——你其实一直都想被这样听见吧。

天黑了不是你的错，也不是没用。是心里的力气被什么东西抽走了，想起来的那点劲儿，
2026-09-18 21:34:43 [boundedElastic-2] INFO  o.l.s.a.i.s.ConversationHistoryMessagesStorage - 开始批量保存会话消息，用户ID：2096823365855289345，会话ID：2100941138864812033，轮次：7，消息数量：1
2026-09-18 21:34:43 [boundedElastic-2] INFO  o.l.s.a.i.s.ConversationHistoryMessagesStorage - 会话消息批量保存成功，用户ID：2096823365855289345，会话ID：2100941138864812033，保存数量：1
2026-09-18 21:34:43 [boundedElastic-2] INFO  o.l.s.a.m.p.d.MessagePersistDecorator - [模型流式输出-消息持久化装饰器] 持久化模型完整消息，会话ID：2100941138864812033，轮次：7
2026-09-18 21:34:43 [boundedElastic-2] INFO  o.l.s.i.c.p.TextMessageProcessor - [AI对话文本处理器] 流式完成，会话ID：2100941138864812033
2026-09-18 21:34:43 [boundedElastic-2] INFO  o.l.s.i.c.p.TextMessageProcessor - [AI对话文本处理器]-更新Redis缓存历史上下文，会话ID：2100941138864812033
2026-09-18 21:34:43 [boundedElastic-2] INFO  o.l.s.i.c.p.TextMessageProcessor - [AI对话文本处理器]-缓存历史上下文更新成功，当前消息数：14，会话ID：2100941138864812033
2026-09-18 21:34:43 [boundedElastic-2] INFO  o.l.s.a.m.p.d.LoggingDecorator - [模型流式输出-日志装饰器] 流式处理流程结束，会话ID：2100941138864812033
2026-09-18 21:34:43 [boundedElastic-2] INFO  o.l.s.i.c.p.TextMessageProcessor - [AI对话文本处理器]-流式处理完成，会话ID：2100941138864812033，用户ID：2096823365855289345
2026-09-18 21:34:43 [parallel-node-action-thread-3] INFO  o.l.s.a.n.d.p.ProtectiveFactorNode - 诊断处理侧-保护性因素分析-完成，社会支持水平：4，应对方式：倾诉
2026-09-18 21:34:44 [parallel-node-action-thread-1] INFO  o.l.s.a.n.d.p.PsychologicalStateNode - 诊断处理侧-心理状态与症状评估-完成，心理状态：其他，症状标签：食欲下降
2026-09-18 21:34:45 [XNIO-1 task-3] INFO  o.l.c.a.f.JwtAuthenticationTokenFilter - 请求匹配放行规则: /temp/conversation-test/send
2026-09-18 21:34:45 [XNIO-1 task-3] INFO  o.l.c.a.f.JwtAuthenticationTokenFilter - 令牌中存放的id为2096823365855289345，类型为USER
2026-09-18 21:34:45 [XNIO-1 task-3] INFO  o.l.s.c.t.ConversationTestController - [测试-发送消息] 会话ID：2100941138864812033,消息内容：嗯，我懂，真的懂。那句"你好像真的懂"，我听着心里也酸酸的——你其实一直都想被这样听见吧。

天黑了不是你的错，也不是没用。是心里的力气被什么东西抽走了，想起来的那点劲儿，
2026-09-18 21:34:46 [parallel-node-action-thread-4] INFO  o.l.s.a.n.d.p.RiskAssessmentNode - 诊断处理侧-风险评估-完成，情绪风险：1，自伤风险：0，自杀风险：0，人工干预：0，危机预警：0
2026-09-18 21:34:46 [parallel-node-action-thread-32] INFO  o.l.s.a.n.d.p.DiseaseCourseAttributionNode - 诊断处理侧-病程归因组-完成，核心触发场景：其他，发作模式：偶发
2026-09-18 21:34:46 [parallel-node-action-thread-32] INFO  o.l.s.a.n.d.p.InterventionSuggestionNode - 诊断处理侧-干预建议生成-开始
2026-09-18 21:34:47 [XNIO-1 task-3] INFO  o.l.s.c.t.ConversationTestController - [测试-发送消息] 模型同步调用完成，回复内容：……嗯。

被听见……这个词，有点戳到我。

其实我也不知道从什么时候开始的。就是有一天坐下来，发现书里的字一个都进不去脑子了。然后第二天、第三天……就越来越不敢打开书。

到现在……我连图书馆那条路都不敢走了。
2026-09-18 21:34:47 [XNIO-1 task-3] INFO  o.l.c.a.f.JwtAuthenticationTokenFilter - 开始令牌校验
2026-09-18 21:34:47 [XNIO-1 task-3] INFO  o.l.c.a.f.JwtAuthenticationTokenFilter - 令牌中存放的id为2096823365855289345，类型为USER
2026-09-18 21:34:47 [XNIO-1 task-3] INFO  o.l.c.a.aspect.CurrentLimitingAspect - 接口限流切面方法开始
2026-09-18 21:34:47 [XNIO-1 task-3] INFO  o.l.s.c.u.conversation.AIController - 接收用户消息发送请求：UserMessageSendDTO(message=……嗯。

被听见……这个词，有点戳到我。

其实我也不知道从什么时候开始的。就是有一天坐下来，发现书里的字一个都进不去脑子了。然后第二天、第三天……就越来越不敢打开书。

到现在……我连图书馆那条路都不敢走了。, conversationId=2100941138864812033)
2026-09-18 21:34:47 [XNIO-1 task-3] INFO  o.l.s.s.impl.user.AIChatServiceImpl - 开始处理用户消息发送，用户ID：2096823365855289345，会话ID：2100941138864812033，消息内容：……嗯。

被听见……这个词，有点戳到我。

其实我也不知道从什么时候开始的。就是有一天坐下来，发现书里的字一个都进不去脑子了。然后第二天、第三天……就越来越不敢打开书。

到现在……我连图书馆那条路都不敢走了。
2026-09-18 21:34:47 [XNIO-1 task-3] INFO  o.l.s.s.impl.user.AIChatServiceImpl - 用户消息发送完成，会话ID：2100941138864812033，当前轮次：8
2026-09-18 21:34:47 [DiagnosisThread-4] INFO  o.l.s.a.n.c.EmotionRecognitionNode - [情感识别节点] 情感分析结果已持久化，会话ID：2100941138864812033，轮次：7
2026-09-18 21:34:47 [DiagnosisThread-4] INFO  o.l.s.a.n.c.EmotionRecognitionNode - [情感识别节点] 情感分析结果已追加至Redis缓存，会话ID：2100941138864812033，轮次：7，当前缓存条数：7
2026-09-18 21:34:47 [DiagnosisThread-4] INFO  o.l.s.ai.node.diagnosis.InputNode - 诊断流程-输入侧节点-开始
2026-09-18 21:34:47 [DiagnosisThread-4] INFO  o.l.s.a.n.d.input.PreCleanNode - 输入侧-数据预清洗-开始
2026-09-18 21:34:47 [DiagnosisThread-4] INFO  o.l.s.a.n.d.input.PreCleanNode - 输入侧-数据预清洗-消息时序排序完成，总消息数：14
2026-09-18 21:34:47 [DiagnosisThread-4] INFO  o.l.s.a.n.d.input.PreCleanNode - 输入侧-数据预清洗-轮次聚合与有效性校验完成，轮次数：7
2026-09-18 21:34:47 [DiagnosisThread-4] INFO  o.l.s.a.n.d.input.PreCleanNode - 输入侧-数据预清洗-完成
2026-09-18 21:34:47 [parallel-node-action-thread-9] INFO  o.l.s.a.n.d.i.HistoryDiagnosisSummaryNode - 输入侧-历史诊断摘要聚合-开始
2026-09-18 21:34:47 [parallel-node-action-thread-5] INFO  o.l.s.a.n.d.i.EmotionStatisticsNode - 输入侧-情绪数据处理-开始
2026-09-18 21:34:47 [parallel-node-action-thread-5] INFO  o.l.s.a.n.d.i.EmotionStatisticsNode - 输入侧-情绪数据处理-有效情绪轮次数：6
2026-09-18 21:34:47 [parallel-node-action-thread-6] INFO  o.l.s.a.n.d.i.MessageStructuredProcessNode - 输入侧-消息结构化处理-开始
2026-09-18 21:34:47 [parallel-node-action-thread-6] INFO  o.l.s.a.n.d.i.MessageStructuredProcessNode - 输入侧-消息结构化处理-有效轮次筛选完成，有效轮次数：7
2026-09-18 21:34:47 [parallel-node-action-thread-5] INFO  o.l.s.a.n.d.i.EmotionStatisticsNode - 输入侧-情绪数据处理-完成
2026-09-18 21:34:47 [parallel-node-action-thread-6] INFO  o.l.s.a.n.d.i.MessageStructuredProcessNode - 输入侧-消息结构化处理-分支B-有效轮次(7)达到阈值(3)，调用大模型提取核心信息
2026-09-18 21:34:47 [parallel-node-action-thread-9] INFO  o.l.s.a.n.d.i.HistoryDiagnosisSummaryNode - 输入侧-历史诊断摘要聚合-无历史诊断记录，返回首次诊断空摘要格式化提示词
2026-09-18 21:34:47 [parallel-node-action-thread-9] INFO  o.l.s.a.n.d.i.HistoryDiagnosisSummaryNode - 输入侧-历史诊断摘要聚合-完成
2026-09-18 21:34:49 [parallel-node-action-thread-19] INFO  o.l.s.config.RetryLoggingListener - [Retry] 重试第1次后成功，标签：messageStructuredProcessNode
2026-09-18 21:34:49 [parallel-node-action-thread-19] INFO  o.l.s.a.n.d.i.MessageStructuredProcessNode - 输入侧-消息结构化处理-完成
2026-09-18 21:34:49 [parallel-node-action-thread-19] INFO  o.l.s.a.n.d.i.SymptomNormalizeNode - 输入侧-语义归一化处理-开始
2026-09-18 21:34:49 [parallel-node-action-thread-19] INFO  o.l.s.a.n.d.i.SymptomNormalizeNode - 输入侧-语义归一化处理-症状原文条数：6
2026-09-18 21:34:49 [parallel-node-action-thread-19] INFO  o.l.s.a.n.d.i.SymptomNormalizeNode - 输入侧-语义归一化处理-清洗后有效条数：6
2026-09-18 21:34:49 [parallel-node-action-thread-19] INFO  o.l.s.a.n.d.i.SymptomNormalizeNode - 输入侧-语义归一化处理-加载规则词典条数：56
2026-09-18 21:34:49 [parallel-node-action-thread-19] INFO  o.l.s.a.n.d.i.SymptomNormalizeNode - 输入侧-语义归一化处理-规则匹配成功：0，待模型处理：6
2026-09-18 21:34:50 [MessageBroker-2] INFO  o.l.s.task.ConversationCleanupTask - 发现1个满足时间条件的会话ID，开始异步并行处理
2026-09-18 21:34:50 [MessageBroker-2] INFO  o.l.s.task.ConversationCleanupTask - 定时任务执行完成，已触发1个会话的消息处理
2026-09-18 21:34:50 [conversation-task-proc-0] INFO  o.l.s.task.ConversationCleanupTask - 开始处理会话消息，会话ID：2100941138864812033
2026-09-18 21:34:50 [conversation-task-proc-0] INFO  o.l.s.i.c.ConversationMessageProcessor - [流程编排] 开始会话消息处理，会话ID：2100941138864812033
2026-09-18 21:34:50 [conversation-task-proc-0] INFO  o.l.s.i.c.ConversationCacheManager - 开始会话缓存加载，会话ID：2100941138864812033
2026-09-18 21:34:50 [conversation-task-proc-0] INFO  o.l.s.i.c.ConversationMessageProcessor - [主线程] 开始主线程执行，会话ID：2100941138864812033，执行器：TextMessageProcessor
2026-09-18 21:34:50 [conversation-task-proc-0] INFO  o.l.s.i.c.ConversationMessageProcessor - [主线程] 开始调用消息处理器，会话ID：2100941138864812033
2026-09-18 21:34:50 [conversation-task-proc-0] INFO  o.l.s.i.c.p.TextMessageProcessor - [AI对话文本处理器] 开始文本消息处理，会话ID：2100941138864812033，临时消息数：1
2026-09-18 21:34:50 [conversation-task-proc-0] INFO  o.l.s.i.c.p.TextMessageProcessor - [AI对话文本处理器] 流式订阅已启动，会话ID：2100941138864812033，用户ID：2096823365855289345
2026-09-18 21:34:50 [conversation-task-proc-0] INFO  o.l.s.i.c.ConversationMessageProcessor - [主线程] 主线程执行完成，会话ID：2100941138864812033，耗时：1ms
2026-09-18 21:34:50 [DiagnosisThread-5] INFO  o.l.s.i.c.ConversationAiService - 分析与诊断功能，会话ID：2100941138864812033
2026-09-18 21:34:50 [conversation-task-proc-0] INFO  o.l.s.i.c.ConversationMessageProcessor - [流程编排] 会话消息处理完成，会话ID：2100941138864812033，处理消息数：1
2026-09-18 21:34:50 [audio-aggregate-proc-7] INFO  o.l.s.s.ConversationAggregateScheduler - 会话ID已不在ZSet集合中，跳过处理，会话ID：2100941138864812033
2026-09-18 21:34:50 [parallel-node-action-thread-32] INFO  o.l.s.a.n.d.p.InterventionSuggestionNode - 诊断处理侧-干预建议生成-完成，建议优先级：2
2026-09-18 21:34:50 [parallel-node-action-thread-32] INFO  o.l.s.a.n.d.p.DiagnosisSummaryNode - 诊断处理侧-诊断书生成-开始
2026-09-18 21:34:56 [parallel-node-action-thread-32] INFO  o.l.s.a.n.d.p.DiagnosisSummaryNode - 诊断处理侧-诊断书生成-完成，核心情绪标签：中性，置信度：0.95，强度：0.09
2026-09-18 21:34:56 [DiagnosisThread-11] INFO  o.l.s.a.n.d.graph.ProcessGraph - ProcessGraph-执行成功
2026-09-18 21:34:56 [DiagnosisThread-11] INFO  o.l.s.ai.node.diagnosis.ProcessNode - 诊断流程-处理侧节点-完成
2026-09-18 21:34:56 [DiagnosisThread-11] INFO  o.l.s.a.n.d.DiagnosisPersistNode - 诊断流程-诊断数据持久化-开始
2026-09-18 21:34:56 [DiagnosisThread-11] INFO  o.l.s.a.n.d.DiagnosisPersistNode - 诊断流程-诊断数据持久化-保存成功，会话ID：2100941138864812033
2026-09-18 21:34:57 [DiagnosisThread-11] INFO  o.l.s.a.n.d.graph.DiagnosisGraph - DiagnosisGraph-执行成功
2026-09-18 21:34:58 [parallel-node-action-thread-10] INFO  o.l.s.a.n.d.i.SymptomNormalizeNode - 输入侧-语义归一化处理-模型匹配成功：0，未匹配保留原文：4
2026-09-18 21:34:58 [parallel-node-action-thread-10] INFO  o.l.s.a.n.d.i.SymptomNormalizeNode - 输入侧-语义归一化处理-完成，标准化标签数：4
2026-09-18 21:34:58 [DiagnosisThread-14] INFO  o.l.s.ai.node.diagnosis.InputNode - 诊断流程-输入侧节点-完成
2026-09-18 21:34:58 [DiagnosisThread-14] INFO  o.l.s.a.node.diagnosis.KnowledgeNode - 诊断流程-知识侧节点-开始
2026-09-18 21:34:58 [DiagnosisThread-14] INFO  o.l.s.a.n.d.k.QueryTransformLayerNode - 知识侧-查询变换层-开始
2026-09-18 21:34:58 [DiagnosisThread-14] INFO  o.l.s.a.n.d.k.QueryTransformLayerNode - 知识侧-查询变换层-首次执行，为三种类型生成Query
2026-09-18 21:34:59 [DiagnosisThread-5] INFO  o.l.s.a.n.c.EmotionRecognitionNode - [情感识别节点] 情感分析结果已持久化，会话ID：2100941138864812033，轮次：8
2026-09-18 21:34:59 [DiagnosisThread-5] INFO  o.l.s.a.n.c.EmotionRecognitionNode - [情感识别节点] 情感分析结果已追加至Redis缓存，会话ID：2100941138864812033，轮次：8，当前缓存条数：8
2026-09-18 21:34:59 [DiagnosisThread-5] INFO  o.l.s.ai.node.diagnosis.InputNode - 诊断流程-输入侧节点-开始
2026-09-18 21:34:59 [DiagnosisThread-5] INFO  o.l.s.a.n.d.input.PreCleanNode - 输入侧-数据预清洗-开始
2026-09-18 21:34:59 [DiagnosisThread-5] INFO  o.l.s.a.n.d.input.PreCleanNode - 输入侧-数据预清洗-消息时序排序完成，总消息数：16
2026-09-18 21:34:59 [DiagnosisThread-5] INFO  o.l.s.a.n.d.input.PreCleanNode - 输入侧-数据预清洗-轮次聚合与有效性校验完成，轮次数：8
2026-09-18 21:34:59 [DiagnosisThread-5] INFO  o.l.s.a.n.d.input.PreCleanNode - 输入侧-数据预清洗-完成
2026-09-18 21:34:59 [parallel-node-action-thread-7] INFO  o.l.s.a.n.d.i.EmotionStatisticsNode - 输入侧-情绪数据处理-开始
2026-09-18 21:34:59 [parallel-node-action-thread-7] INFO  o.l.s.a.n.d.i.EmotionStatisticsNode - 输入侧-情绪数据处理-有效情绪轮次数：7
2026-09-18 21:34:59 [parallel-node-action-thread-7] INFO  o.l.s.a.n.d.i.EmotionStatisticsNode - 输入侧-情绪数据处理-完成
2026-09-18 21:34:59 [parallel-node-action-thread-11] INFO  o.l.s.a.n.d.i.HistoryDiagnosisSummaryNode - 输入侧-历史诊断摘要聚合-开始
2026-09-18 21:34:59 [parallel-node-action-thread-8] INFO  o.l.s.a.n.d.i.MessageStructuredProcessNode - 输入侧-消息结构化处理-开始
2026-09-18 21:34:59 [parallel-node-action-thread-8] INFO  o.l.s.a.n.d.i.MessageStructuredProcessNode - 输入侧-消息结构化处理-有效轮次筛选完成，有效轮次数：8
2026-09-18 21:34:59 [parallel-node-action-thread-8] INFO  o.l.s.a.n.d.i.MessageStructuredProcessNode - 输入侧-消息结构化处理-分支B-有效轮次(8)达到阈值(3)，调用大模型提取核心信息
2026-09-18 21:34:59 [parallel-node-action-thread-11] INFO  o.l.s.a.n.d.i.HistoryDiagnosisSummaryNode - 输入侧-历史诊断摘要聚合-完成
2026-09-18 21:34:59 [boundedElastic-1] INFO  o.l.s.a.m.p.d.LoggingDecorator - [模型流式输出-日志装饰器] 流式完成，会话ID：2100941138864812033，模型正文完整内容：……嗯，被听见这三个字能戳到你，我猜是因为
2026-09-18 21:34:59 [boundedElastic-1] INFO  o.l.s.a.i.s.ConversationHistoryMessagesStorage - 开始批量保存会话消息，用户ID：2096823365855289345，会话ID：2100941138864812033，轮次：8，消息数量：1
2026-09-18 21:34:59 [boundedElastic-1] INFO  o.l.s.a.i.s.ConversationHistoryMessagesStorage - 会话消息批量保存成功，用户ID：2096823365855289345，会话ID：2100941138864812033，保存数量：1
2026-09-18 21:34:59 [boundedElastic-1] INFO  o.l.s.a.m.p.d.MessagePersistDecorator - [模型流式输出-消息持久化装饰器] 持久化模型完整消息，会话ID：2100941138864812033，轮次：8
2026-09-18 21:34:59 [boundedElastic-1] INFO  o.l.s.i.c.p.TextMessageProcessor - [AI对话文本处理器] 流式完成，会话ID：2100941138864812033
2026-09-18 21:34:59 [boundedElastic-1] INFO  o.l.s.i.c.p.TextMessageProcessor - [AI对话文本处理器]-更新Redis缓存历史上下文，会话ID：2100941138864812033
2026-09-18 21:34:59 [boundedElastic-1] INFO  o.l.s.i.c.p.TextMessageProcessor - [AI对话文本处理器]-缓存历史上下文更新成功，当前消息数：16，会话ID：2100941138864812033
2026-09-18 21:34:59 [boundedElastic-1] INFO  o.l.s.a.m.p.d.LoggingDecorator - [模型流式输出-日志装饰器] 流式处理流程结束，会话ID：2100941138864812033
2026-09-18 21:34:59 [boundedElastic-1] INFO  o.l.s.i.c.p.TextMessageProcessor - [AI对话文本处理器]-流式处理完成，会话ID：2100941138864812033，用户ID：2096823365855289345
2026-09-18 21:35:00 [DiagnosisThread-14] INFO  o.l.s.a.n.d.k.QueryTransformLayerNode - 知识侧-查询变换层-完成，症状Query：情绪低落 缺乏动力 兴趣减退 精力不足 症状表现与严重程度标准，诊断Query：情绪低落 动力缺乏 兴趣减退 中性情绪状态 对应的心理状态诊断标准，干预Query：情绪低落与缺乏动力状态下的陪伴倾诉需求 情绪调节 动机提升与心理支持方法建议
2026-09-18 21:35:00 [parallel-node-action-thread-15] INFO  o.l.s.a.n.d.k.InterventionPlanRepositoryNode - 知识侧-查询干预方案库-开始
2026-09-18 21:35:00 [parallel-node-action-thread-13] INFO  o.l.s.a.n.d.k.DiagnosisStandardRepositoryNode - 知识侧-查询诊断标准库-开始
2026-09-18 21:35:00 [parallel-node-action-thread-12] INFO  o.l.s.a.n.d.k.SymptomKnowledgeRepositoryNode - 知识侧-查询症状知识库-开始
2026-09-18 21:35:00 [parallel-node-action-thread-13] INFO  o.l.s.a.n.d.k.DiagnosisStandardRepositoryNode - 知识侧-查询诊断标准库-完成，检索到 0 条记录
2026-09-18 21:35:00 [parallel-node-action-thread-12] INFO  o.l.s.a.n.d.k.SymptomKnowledgeRepositoryNode - 知识侧-查询症状知识库-完成，检索到 0 条记录
2026-09-18 21:35:00 [parallel-node-action-thread-15] INFO  o.l.s.a.n.d.k.InterventionPlanRepositoryNode - 知识侧-查询干预方案库-完成，检索到 0 条记录
2026-09-18 21:35:00 [parallel-node-action-thread-13] INFO  o.l.s.a.n.d.k.RerankLayerNode - 知识侧-重排层节点-开始
2026-09-18 21:35:00 [parallel-node-action-thread-13] INFO  o.l.s.a.n.d.k.RerankLayerNode - 知识侧-重排层节点-前置检查：存在空数据，空库数=3，重试次数[症状=0,诊断=0,干预=0]
2026-09-18 21:35:00 [parallel-node-action-thread-13] INFO  o.l.s.a.n.d.k.RerankLayerNode - 知识侧-重排层节点-前置检查：需要重试的类型[症状=true,诊断=true,干预=true]，路由到查询变换层
2026-09-18 21:35:00 [parallel-node-action-thread-13] INFO  o.l.s.a.n.d.k.RerankLayerNode - 知识侧-重排层节点-前置检查路由决策：retry_all，重试次数[症状=1,诊断=1,干预=1]
2026-09-18 21:35:00 [parallel-node-action-thread-13] INFO  o.l.s.a.n.d.k.QueryTransformLayerNode - 知识侧-查询变换层-开始
2026-09-18 21:35:00 [parallel-node-action-thread-13] INFO  o.l.s.a.n.d.k.QueryTransformLayerNode - 知识侧-查询变换层-重试执行，需要生成Query的类型[症状=true,诊断=true,干预=true]
2026-09-18 21:35:01 [XNIO-1 task-3] INFO  o.l.c.a.f.JwtAuthenticationTokenFilter - 请求匹配放行规则: /temp/conversation-test/send
2026-09-18 21:35:01 [XNIO-1 task-3] INFO  o.l.c.a.f.JwtAuthenticationTokenFilter - 令牌中存放的id为2096823365855289345，类型为USER
2026-09-18 21:35:01 [XNIO-1 task-3] INFO  o.l.s.c.t.ConversationTestController - [测试-发送消息] 会话ID：2100941138864812033,消息内容：……嗯，被听见这三个字能戳到你，我猜是因为
2026-09-18 21:35:04 [parallel-node-action-thread-13] INFO  o.l.s.a.n.d.k.QueryTransformLayerNode - 知识侧-查询变换层-完成，症状Query：情绪低落 缺乏动力 症状表现，诊断Query：情绪低落 缺乏动力 中性情绪 诊断标准，干预Query：情绪低落 缺乏动力 陪伴倾诉 干预方法
2026-09-18 21:35:04 [parallel-node-action-thread-18] INFO  o.l.s.a.n.d.k.InterventionPlanRepositoryNode - 知识侧-查询干预方案库-开始
2026-09-18 21:35:04 [parallel-node-action-thread-17] INFO  o.l.s.a.n.d.k.DiagnosisStandardRepositoryNode - 知识侧-查询诊断标准库-开始
2026-09-18 21:35:04 [parallel-node-action-thread-14] INFO  o.l.s.a.n.d.k.SymptomKnowledgeRepositoryNode - 知识侧-查询症状知识库-开始
2026-09-18 21:35:05 [parallel-node-action-thread-17] INFO  o.l.s.a.n.d.k.DiagnosisStandardRepositoryNode - 知识侧-查询诊断标准库-完成，检索到 0 条记录
2026-09-18 21:35:05 [parallel-node-action-thread-18] INFO  o.l.s.a.n.d.k.InterventionPlanRepositoryNode - 知识侧-查询干预方案库-完成，检索到 0 条记录
2026-09-18 21:35:05 [parallel-node-action-thread-14] INFO  o.l.s.a.n.d.k.SymptomKnowledgeRepositoryNode - 知识侧-查询症状知识库-完成，检索到 0 条记录
2026-09-18 21:35:05 [parallel-node-action-thread-14] INFO  o.l.s.a.n.d.k.RerankLayerNode - 知识侧-重排层节点-开始
2026-09-18 21:35:05 [parallel-node-action-thread-14] INFO  o.l.s.a.n.d.k.RerankLayerNode - 知识侧-重排层节点-前置检查：存在空数据，空库数=3，重试次数[症状=1,诊断=1,干预=1]
2026-09-18 21:35:05 [parallel-node-action-thread-14] INFO  o.l.s.a.n.d.k.RerankLayerNode - 知识侧-重排层节点-前置检查：需要重试的类型[症状=true,诊断=true,干预=true]，路由到查询变换层
2026-09-18 21:35:05 [parallel-node-action-thread-14] INFO  o.l.s.a.n.d.k.RerankLayerNode - 知识侧-重排层节点-前置检查路由决策：retry_all，重试次数[症状=2,诊断=2,干预=2]
2026-09-18 21:35:05 [parallel-node-action-thread-14] INFO  o.l.s.a.n.d.k.QueryTransformLayerNode - 知识侧-查询变换层-开始
2026-09-18 21:35:05 [parallel-node-action-thread-14] INFO  o.l.s.a.n.d.k.QueryTransformLayerNode - 知识侧-查询变换层-重试执行，需要生成Query的类型[症状=true,诊断=true,干预=true]
2026-09-18 21:35:05 [XNIO-1 task-3] INFO  o.l.s.c.t.ConversationTestController - [测试-发送消息] 模型同步调用完成，回复内容：……嗯。因为，没人这么说过。

大家说的都是……加油，坚持一下，别想太多，你就是太久没出门了。

说了几次，我就不想说了。

说了也没用。

……这些话，我好像是第一次跟人说。
2026-09-18 21:35:05 [XNIO-1 task-3] INFO  o.l.c.a.f.JwtAuthenticationTokenFilter - 开始令牌校验
2026-09-18 21:35:05 [XNIO-1 task-3] INFO  o.l.c.a.f.JwtAuthenticationTokenFilter - 令牌中存放的id为2096823365855289345，类型为USER
2026-09-18 21:35:05 [XNIO-1 task-3] INFO  o.l.c.a.aspect.CurrentLimitingAspect - 接口限流切面方法开始
2026-09-18 21:35:05 [XNIO-1 task-3] INFO  o.l.s.c.u.conversation.AIController - 接收用户消息发送请求：UserMessageSendDTO(message=……嗯。因为，没人这么说过。

大家说的都是……加油，坚持一下，别想太多，你就是太久没出门了。

说了几次，我就不想说了。

说了也没用。

……这些话，我好像是第一次跟人说。, conversationId=2100941138864812033)
2026-09-18 21:35:05 [XNIO-1 task-3] INFO  o.l.s.s.impl.user.AIChatServiceImpl - 开始处理用户消息发送，用户ID：2096823365855289345，会话ID：2100941138864812033，消息内容：……嗯。因为，没人这么说过。

大家说的都是……加油，坚持一下，别想太多，你就是太久没出门了。

说了几次，我就不想说了。

说了也没用。

……这些话，我好像是第一次跟人说。
2026-09-18 21:35:05 [XNIO-1 task-3] INFO  o.l.s.s.impl.user.AIChatServiceImpl - 用户消息发送完成，会话ID：2100941138864812033，当前轮次：9
2026-09-18 21:35:08 [audio-aggregate-proc-8] INFO  o.l.s.s.ConversationAggregateScheduler - 从ZSet集合中移除会话ID成功，开始处理会话消息，会话ID：2100941138864812033
2026-09-18 21:35:08 [audio-aggregate-proc-8] INFO  o.l.s.i.c.ConversationMessageProcessor - [流程编排] 开始会话消息处理，会话ID：2100941138864812033
2026-09-18 21:35:08 [audio-aggregate-proc-8] INFO  o.l.s.i.c.ConversationCacheManager - 开始会话缓存加载，会话ID：2100941138864812033
2026-09-18 21:35:08 [audio-aggregate-proc-8] INFO  o.l.s.i.c.ConversationMessageProcessor - [主线程] 开始主线程执行，会话ID：2100941138864812033，执行器：TextMessageProcessor
2026-09-18 21:35:08 [audio-aggregate-proc-8] INFO  o.l.s.i.c.ConversationMessageProcessor - [主线程] 开始调用消息处理器，会话ID：2100941138864812033
2026-09-18 21:35:08 [audio-aggregate-proc-8] INFO  o.l.s.i.c.p.TextMessageProcessor - [AI对话文本处理器] 开始文本消息处理，会话ID：2100941138864812033，临时消息数：1
2026-09-18 21:35:08 [audio-aggregate-proc-8] INFO  o.l.s.i.c.p.TextMessageProcessor - [AI对话文本处理器] 流式订阅已启动，会话ID：2100941138864812033，用户ID：2096823365855289345
2026-09-18 21:35:08 [audio-aggregate-proc-8] INFO  o.l.s.i.c.ConversationMessageProcessor - [主线程] 主线程执行完成，会话ID：2100941138864812033，耗时：2ms
2026-09-18 21:35:08 [DiagnosisThread-7] INFO  o.l.s.i.c.ConversationAiService - 分析与诊断功能，会话ID：2100941138864812033
2026-09-18 21:35:08 [audio-aggregate-proc-8] INFO  o.l.s.i.c.ConversationMessageProcessor - [流程编排] 会话消息处理完成，会话ID：2100941138864812033，处理消息数：1
2026-09-18 21:35:11 [parallel-node-action-thread-14] INFO  o.l.s.a.n.d.k.QueryTransformLayerNode - 知识侧-查询变换层-完成，症状Query：情绪低落 缺乏动力，诊断Query：情绪低落 缺乏动力，干预Query：情绪低落 缺乏动力
2026-09-18 21:35:11 [parallel-node-action-thread-20] INFO  o.l.s.a.n.d.k.SymptomKnowledgeRepositoryNode - 知识侧-查询症状知识库-开始
2026-09-18 21:35:11 [parallel-node-action-thread-16] INFO  o.l.s.a.n.d.k.InterventionPlanRepositoryNode - 知识侧-查询干预方案库-开始
2026-09-18 21:35:11 [parallel-node-action-thread-21] INFO  o.l.s.a.n.d.k.DiagnosisStandardRepositoryNode - 知识侧-查询诊断标准库-开始
2026-09-18 21:35:11 [parallel-node-action-thread-20] INFO  o.l.s.a.n.d.k.SymptomKnowledgeRepositoryNode - 知识侧-查询症状知识库-完成，检索到 0 条记录
2026-09-18 21:35:11 [parallel-node-action-thread-16] INFO  o.l.s.a.n.d.k.InterventionPlanRepositoryNode - 知识侧-查询干预方案库-完成，检索到 0 条记录
2026-09-18 21:35:11 [parallel-node-action-thread-21] INFO  o.l.s.a.n.d.k.DiagnosisStandardRepositoryNode - 知识侧-查询诊断标准库-完成，检索到 0 条记录
2026-09-18 21:35:11 [parallel-node-action-thread-21] INFO  o.l.s.a.n.d.k.RerankLayerNode - 知识侧-重排层节点-开始
2026-09-18 21:35:11 [parallel-node-action-thread-21] INFO  o.l.s.a.n.d.k.RerankLayerNode - 知识侧-重排层节点-前置检查：存在空数据，空库数=3，重试次数[症状=2,诊断=2,干预=2]
2026-09-18 21:35:11 [parallel-node-action-thread-21] INFO  o.l.s.a.n.d.k.RerankLayerNode - 知识侧-重排层节点-前置检查：需要重试的类型[症状=true,诊断=true,干预=true]，路由到查询变换层
2026-09-18 21:35:11 [parallel-node-action-thread-21] INFO  o.l.s.a.n.d.k.RerankLayerNode - 知识侧-重排层节点-前置检查路由决策：retry_all，重试次数[症状=3,诊断=3,干预=3]
2026-09-18 21:35:11 [parallel-node-action-thread-21] INFO  o.l.s.a.n.d.k.QueryTransformLayerNode - 知识侧-查询变换层-开始
2026-09-18 21:35:11 [parallel-node-action-thread-21] INFO  o.l.s.a.n.d.k.QueryTransformLayerNode - 知识侧-查询变换层-重试执行，需要生成Query的类型[症状=true,诊断=true,干预=true]
2026-09-18 21:35:15 [DiagnosisThread-7] INFO  o.l.s.a.n.c.EmotionRecognitionNode - [情感识别节点] 情感分析结果已持久化，会话ID：2100941138864812033，轮次：9
2026-09-18 21:35:15 [DiagnosisThread-7] INFO  o.l.s.a.n.c.EmotionRecognitionNode - [情感识别节点] 情感分析结果已追加至Redis缓存，会话ID：2100941138864812033，轮次：9，当前缓存条数：9
2026-09-18 21:35:15 [DiagnosisThread-7] INFO  o.l.s.ai.node.diagnosis.InputNode - 诊断流程-输入侧节点-开始
2026-09-18 21:35:15 [DiagnosisThread-7] INFO  o.l.s.a.n.d.input.PreCleanNode - 输入侧-数据预清洗-开始
2026-09-18 21:35:15 [DiagnosisThread-7] INFO  o.l.s.a.n.d.input.PreCleanNode - 输入侧-数据预清洗-消息时序排序完成，总消息数：18
2026-09-18 21:35:15 [DiagnosisThread-7] INFO  o.l.s.a.n.d.input.PreCleanNode - 输入侧-数据预清洗-轮次聚合与有效性校验完成，轮次数：9
2026-09-18 21:35:15 [DiagnosisThread-7] INFO  o.l.s.a.n.d.input.PreCleanNode - 输入侧-数据预清洗-完成
2026-09-18 21:35:15 [parallel-node-action-thread-24] INFO  o.l.s.a.n.d.i.EmotionStatisticsNode - 输入侧-情绪数据处理-开始
2026-09-18 21:35:15 [parallel-node-action-thread-26] INFO  o.l.s.a.n.d.i.HistoryDiagnosisSummaryNode - 输入侧-历史诊断摘要聚合-开始
2026-09-18 21:35:15 [parallel-node-action-thread-22] INFO  o.l.s.a.n.d.i.MessageStructuredProcessNode - 输入侧-消息结构化处理-开始
2026-09-18 21:35:15 [parallel-node-action-thread-22] INFO  o.l.s.a.n.d.i.MessageStructuredProcessNode - 输入侧-消息结构化处理-有效轮次筛选完成，有效轮次数：9
2026-09-18 21:35:15 [parallel-node-action-thread-22] INFO  o.l.s.a.n.d.i.MessageStructuredProcessNode - 输入侧-消息结构化处理-分支B-有效轮次(9)达到阈值(3)，调用大模型提取核心信息
2026-09-18 21:35:15 [parallel-node-action-thread-24] INFO  o.l.s.a.n.d.i.EmotionStatisticsNode - 输入侧-情绪数据处理-有效情绪轮次数：8
2026-09-18 21:35:15 [parallel-node-action-thread-24] INFO  o.l.s.a.n.d.i.EmotionStatisticsNode - 输入侧-情绪数据处理-完成
2026-09-18 21:35:15 [parallel-node-action-thread-26] INFO  o.l.s.a.n.d.i.HistoryDiagnosisSummaryNode - 输入侧-历史诊断摘要聚合-完成
2026-09-18 21:35:19 [parallel-node-action-thread-21] INFO  o.l.s.a.n.d.k.QueryTransformLayerNode - 知识侧-查询变换层-完成，症状Query：情绪低落 缺乏动力，诊断Query：情绪低落 缺乏动力，干预Query：情绪低落 缺乏动力
2026-09-18 21:35:19 [parallel-node-action-thread-27] INFO  o.l.s.a.n.d.k.SymptomKnowledgeRepositoryNode - 知识侧-查询症状知识库-开始
2026-09-18 21:35:19 [parallel-node-action-thread-29] INFO  o.l.s.a.n.d.k.InterventionPlanRepositoryNode - 知识侧-查询干预方案库-开始
2026-09-18 21:35:19 [parallel-node-action-thread-23] INFO  o.l.s.a.n.d.k.DiagnosisStandardRepositoryNode - 知识侧-查询诊断标准库-开始
2026-09-18 21:35:19 [parallel-node-action-thread-23] INFO  o.l.s.a.n.d.k.DiagnosisStandardRepositoryNode - 知识侧-查询诊断标准库-完成，检索到 0 条记录
2026-09-18 21:35:19 [parallel-node-action-thread-29] INFO  o.l.s.a.n.d.k.InterventionPlanRepositoryNode - 知识侧-查询干预方案库-完成，检索到 0 条记录
2026-09-18 21:35:19 [parallel-node-action-thread-27] INFO  o.l.s.a.n.d.k.SymptomKnowledgeRepositoryNode - 知识侧-查询症状知识库-完成，检索到 0 条记录
2026-09-18 21:35:19 [parallel-node-action-thread-29] INFO  o.l.s.a.n.d.k.RerankLayerNode - 知识侧-重排层节点-开始
2026-09-18 21:35:19 [parallel-node-action-thread-29] INFO  o.l.s.a.n.d.k.RerankLayerNode - 知识侧-重排层节点-前置检查：存在空数据，空库数=3，重试次数[症状=3,诊断=3,干预=3]
2026-09-18 21:35:19 [parallel-node-action-thread-29] INFO  o.l.s.a.n.d.k.RerankLayerNode - 知识侧-重排层节点-前置检查：症状库重试次数耗尽，使用兜底内容
2026-09-18 21:35:19 [parallel-node-action-thread-29] INFO  o.l.s.a.n.d.k.RerankLayerNode - 知识侧-重排层节点-兜底内容已应用，症状=true，诊断=false，干预=false
2026-09-18 21:35:19 [parallel-node-action-thread-29] INFO  o.l.s.a.n.d.k.RerankLayerNode - 知识侧-重排层节点-前置检查：诊断标准库重试次数耗尽，使用兜底内容
2026-09-18 21:35:19 [parallel-node-action-thread-29] INFO  o.l.s.a.n.d.k.RerankLayerNode - 知识侧-重排层节点-兜底内容已应用，症状=false，诊断=true，干预=false
2026-09-18 21:35:19 [parallel-node-action-thread-29] INFO  o.l.s.a.n.d.k.RerankLayerNode - 知识侧-重排层节点-前置检查：干预方案库重试次数耗尽，使用兜底内容
2026-09-18 21:35:19 [parallel-node-action-thread-29] INFO  o.l.s.a.n.d.k.RerankLayerNode - 知识侧-重排层节点-兜底内容已应用，症状=false，诊断=false，干预=true
2026-09-18 21:35:19 [parallel-node-action-thread-29] INFO  o.l.s.a.n.d.k.RerankLayerNode - 知识侧-重排层节点-前置检查：所有空库重试次数已耗尽，已应用兜底内容，继续重排有数据的库
2026-09-18 21:35:19 [parallel-node-action-thread-29] INFO  o.l.s.a.n.d.k.RerankLayerNode - 知识侧-重排层节点-后置检查：重排后存在空结果，空库数=3，重试次数[症状=3,诊断=3,干预=3]
2026-09-18 21:35:19 [parallel-node-action-thread-29] INFO  o.l.s.a.n.d.k.RerankLayerNode - 知识侧-重排层节点-兜底内容已应用，症状=true，诊断=false，干预=false
2026-09-18 21:35:19 [parallel-node-action-thread-29] INFO  o.l.s.a.n.d.k.RerankLayerNode - 知识侧-重排层节点-兜底内容已应用，症状=false，诊断=true，干预=false
2026-09-18 21:35:19 [parallel-node-action-thread-29] INFO  o.l.s.a.n.d.k.RerankLayerNode - 知识侧-重排层节点-兜底内容已应用，症状=false，诊断=false，干预=true
2026-09-18 21:35:19 [parallel-node-action-thread-29] INFO  o.l.s.a.n.d.k.RerankLayerNode - 知识侧-重排层节点-后置检查路由决策：end，重试次数[症状=3,诊断=3,干预=3]
2026-09-18 21:35:19 [DiagnosisThread-14] INFO  o.l.s.a.n.d.graph.KnowledgeGraph - KnowledgeGraph-执行完成，症状0条，诊断0条，干预0条
2026-09-18 21:35:19 [DiagnosisThread-14] INFO  o.l.s.a.node.diagnosis.KnowledgeNode - 诊断流程-知识侧节点-完成
2026-09-18 21:35:19 [DiagnosisThread-14] INFO  o.l.s.ai.node.diagnosis.ProcessNode - 诊断流程-处理侧节点-开始
2026-09-18 21:35:19 [parallel-node-action-thread-1] INFO  o.l.s.a.n.d.p.RiskAssessmentNode - 诊断处理侧-风险评估-开始
2026-09-18 21:35:19 [parallel-node-action-thread-31] INFO  o.l.s.a.n.d.p.PsychologicalStateNode - 诊断处理侧-心理状态与症状评估-开始
2026-09-18 21:35:19 [parallel-node-action-thread-2] INFO  o.l.s.a.n.d.p.SocialFunctionImpactNode - 诊断处理侧-社会功能影响评估-开始
2026-09-18 21:35:19 [parallel-node-action-thread-3] INFO  o.l.s.a.n.d.p.ProtectiveFactorNode - 诊断处理侧-保护性因素分析-开始
2026-09-18 21:35:19 [parallel-node-action-thread-28] INFO  o.l.s.a.n.d.p.DiseaseCourseAttributionNode - 诊断处理侧-病程归因组-开始
2026-09-18 21:35:19 [parallel-node-action-thread-30] INFO  o.l.s.a.n.d.p.ComprehensiveDiagnosisNode - 诊断处理侧-情绪综合分析-开始
2026-09-18 21:35:21 [parallel-node-action-thread-30] INFO  o.l.s.a.n.d.p.ComprehensiveDiagnosisNode - 诊断处理侧-情绪综合分析-完成，负向细分：{}，正向细分：{}
2026-09-18 21:35:21 [parallel-node-action-thread-2] INFO  o.l.s.a.n.d.p.SocialFunctionImpactNode - 诊断处理侧-社会功能影响评估-完成，受损程度：中度受损，影响领域：日常作息紊乱,社交减少,缺乏动力,情绪低落
2026-09-18 21:35:21 [parallel-node-action-thread-31] INFO  o.l.s.a.n.d.p.PsychologicalStateNode - 诊断处理侧-心理状态与症状评估-完成，心理状态：抑郁情绪困扰，症状标签：情绪低落,动力缺乏,社交退缩,作息紊乱,孤独
2026-09-18 21:35:23 [parallel-node-action-thread-3] INFO  o.l.s.a.n.d.p.ProtectiveFactorNode - 诊断处理侧-保护性因素分析-完成，社会支持水平：1，应对方式：倾诉
2026-09-18 21:35:23 [boundedElastic-2] INFO  o.l.s.a.m.p.d.LoggingDecorator - [模型流式输出-日志装饰器] 流式处理流程结束，会话ID：2100941138864812033
2026-09-18 21:35:23 [boundedElastic-2] INFO  o.l.s.i.c.p.TextMessageProcessor - [AI对话文本处理器]-流式处理完成，会话ID：2100941138864812033，用户ID：2096823365855289345
2026-09-18 21:35:23 [parallel-node-action-thread-19] INFO  o.l.s.a.n.d.i.SymptomNormalizeNode - 输入侧-语义归一化处理-模型匹配成功：0，未匹配保留原文：6
2026-09-18 21:35:23 [parallel-node-action-thread-19] INFO  o.l.s.a.n.d.i.SymptomNormalizeNode - 输入侧-语义归一化处理-完成，标准化标签数：6
2026-09-18 21:35:23 [DiagnosisThread-9] INFO  o.l.s.ai.node.diagnosis.InputNode - 诊断流程-输入侧节点-完成
2026-09-18 21:35:23 [DiagnosisThread-9] INFO  o.l.s.a.node.diagnosis.KnowledgeNode - 诊断流程-知识侧节点-开始
2026-09-18 21:35:23 [DiagnosisThread-9] INFO  o.l.s.a.n.d.k.QueryTransformLayerNode - 知识侧-查询变换层-开始
2026-09-18 21:35:23 [DiagnosisThread-9] INFO  o.l.s.a.n.d.k.QueryTransformLayerNode - 知识侧-查询变换层-首次执行，为三种类型生成Query
2026-09-18 21:35:24 [parallel-node-action-thread-28] INFO  o.l.s.a.n.d.p.DiseaseCourseAttributionNode - 诊断处理侧-病程归因组-完成，核心触发场景：其他，发作模式：持续性
2026-09-18 21:35:26 [DiagnosisThread-9] INFO  o.l.s.a.n.d.k.QueryTransformLayerNode - 知识侧-查询变换层-完成，症状Query：情绪低落 缺乏动力 食欲不振 症状表现 严重程度标准，诊断Query：中性情绪 情绪低落 动力缺乏 食欲不振 对应的心理状态诊断标准，干预Query：情绪低落缺乏动力食欲不振 寻求情感陪伴与倾诉 心理支持与干预方法建议
2026-09-18 21:35:26 [parallel-node-action-thread-9] INFO  o.l.s.a.n.d.k.InterventionPlanRepositoryNode - 知识侧-查询干预方案库-开始
2026-09-18 21:35:26 [parallel-node-action-thread-5] INFO  o.l.s.a.n.d.k.DiagnosisStandardRepositoryNode - 知识侧-查询诊断标准库-开始
2026-09-18 21:35:26 [parallel-node-action-thread-4] INFO  o.l.s.a.n.d.k.SymptomKnowledgeRepositoryNode - 知识侧-查询症状知识库-开始
2026-09-18 21:35:26 [parallel-node-action-thread-4] INFO  o.l.s.a.n.d.k.SymptomKnowledgeRepositoryNode - 知识侧-查询症状知识库-完成，检索到 0 条记录
2026-09-18 21:35:26 [parallel-node-action-thread-9] INFO  o.l.s.a.n.d.k.InterventionPlanRepositoryNode - 知识侧-查询干预方案库-完成，检索到 0 条记录
2026-09-18 21:35:26 [parallel-node-action-thread-5] INFO  o.l.s.a.n.d.k.DiagnosisStandardRepositoryNode - 知识侧-查询诊断标准库-完成，检索到 0 条记录
2026-09-18 21:35:26 [parallel-node-action-thread-4] INFO  o.l.s.a.n.d.k.RerankLayerNode - 知识侧-重排层节点-开始
2026-09-18 21:35:26 [parallel-node-action-thread-4] INFO  o.l.s.a.n.d.k.RerankLayerNode - 知识侧-重排层节点-前置检查：存在空数据，空库数=3，重试次数[症状=0,诊断=0,干预=0]
2026-09-18 21:35:26 [parallel-node-action-thread-4] INFO  o.l.s.a.n.d.k.RerankLayerNode - 知识侧-重排层节点-前置检查：需要重试的类型[症状=true,诊断=true,干预=true]，路由到查询变换层
2026-09-18 21:35:26 [parallel-node-action-thread-4] INFO  o.l.s.a.n.d.k.RerankLayerNode - 知识侧-重排层节点-前置检查路由决策：retry_all，重试次数[症状=1,诊断=1,干预=1]
2026-09-18 21:35:26 [parallel-node-action-thread-4] INFO  o.l.s.a.n.d.k.QueryTransformLayerNode - 知识侧-查询变换层-开始
2026-09-18 21:35:26 [parallel-node-action-thread-4] INFO  o.l.s.a.n.d.k.QueryTransformLayerNode - 知识侧-查询变换层-重试执行，需要生成Query的类型[症状=true,诊断=true,干预=true]
2026-09-18 21:35:29 [parallel-node-action-thread-8] INFO  o.l.s.config.RetryLoggingListener - [Retry] 重试第2次后成功，标签：messageStructuredProcessNode
2026-09-18 21:35:29 [parallel-node-action-thread-8] INFO  o.l.s.a.n.d.i.MessageStructuredProcessNode - 输入侧-消息结构化处理-完成
2026-09-18 21:35:29 [parallel-node-action-thread-8] INFO  o.l.s.a.n.d.i.SymptomNormalizeNode - 输入侧-语义归一化处理-开始
2026-09-18 21:35:29 [parallel-node-action-thread-8] INFO  o.l.s.a.n.d.i.SymptomNormalizeNode - 输入侧-语义归一化处理-症状原文条数：7
2026-09-18 21:35:29 [parallel-node-action-thread-8] INFO  o.l.s.a.n.d.i.SymptomNormalizeNode - 输入侧-语义归一化处理-清洗后有效条数：7
2026-09-18 21:35:29 [parallel-node-action-thread-8] INFO  o.l.s.a.n.d.i.SymptomNormalizeNode - 输入侧-语义归一化处理-加载规则词典条数：56
2026-09-18 21:35:29 [parallel-node-action-thread-8] INFO  o.l.s.a.n.d.i.SymptomNormalizeNode - 输入侧-语义归一化处理-规则匹配成功：0，待模型处理：7
2026-09-18 21:35:30 [parallel-node-action-thread-4] INFO  o.l.s.a.n.d.k.QueryTransformLayerNode - 知识侧-查询变换层-完成，症状Query：情绪低落、缺乏动力、食欲不振的症状表现与严重程度标准，诊断Query：情绪低落、缺乏动力、食欲不振与中性情绪相关的诊断标准，干预Query：情绪低落、缺乏动力、食欲不振时获得情感陪伴与倾诉的干预方法
2026-09-18 21:35:31 [parallel-node-action-thread-7] INFO  o.l.s.a.n.d.k.InterventionPlanRepositoryNode - 知识侧-查询干预方案库-开始
2026-09-18 21:35:31 [parallel-node-action-thread-32] INFO  o.l.s.a.n.d.k.SymptomKnowledgeRepositoryNode - 知识侧-查询症状知识库-开始
2026-09-18 21:35:31 [parallel-node-action-thread-10] INFO  o.l.s.a.n.d.k.DiagnosisStandardRepositoryNode - 知识侧-查询诊断标准库-开始
2026-09-18 21:35:31 [parallel-node-action-thread-10] INFO  o.l.s.a.n.d.k.DiagnosisStandardRepositoryNode - 知识侧-查询诊断标准库-完成，检索到 0 条记录
2026-09-18 21:35:31 [parallel-node-action-thread-32] INFO  o.l.s.a.n.d.k.SymptomKnowledgeRepositoryNode - 知识侧-查询症状知识库-完成，检索到 0 条记录
2026-09-18 21:35:31 [parallel-node-action-thread-7] INFO  o.l.s.a.n.d.k.InterventionPlanRepositoryNode - 知识侧-查询干预方案库-完成，检索到 0 条记录
2026-09-18 21:35:31 [parallel-node-action-thread-7] INFO  o.l.s.a.n.d.k.RerankLayerNode - 知识侧-重排层节点-开始
2026-09-18 21:35:31 [parallel-node-action-thread-7] INFO  o.l.s.a.n.d.k.RerankLayerNode - 知识侧-重排层节点-前置检查：存在空数据，空库数=3，重试次数[症状=1,诊断=1,干预=1]
2026-09-18 21:35:31 [parallel-node-action-thread-7] INFO  o.l.s.a.n.d.k.RerankLayerNode - 知识侧-重排层节点-前置检查：需要重试的类型[症状=true,诊断=true,干预=true]，路由到查询变换层
2026-09-18 21:35:31 [parallel-node-action-thread-7] INFO  o.l.s.a.n.d.k.RerankLayerNode - 知识侧-重排层节点-前置检查路由决策：retry_all，重试次数[症状=2,诊断=2,干预=2]
2026-09-18 21:35:31 [parallel-node-action-thread-7] INFO  o.l.s.a.n.d.k.QueryTransformLayerNode - 知识侧-查询变换层-开始
2026-09-18 21:35:31 [parallel-node-action-thread-7] INFO  o.l.s.a.n.d.k.QueryTransformLayerNode - 知识侧-查询变换层-重试执行，需要生成Query的类型[症状=true,诊断=true,干预=true]
2026-09-18 21:35:39 [parallel-node-action-thread-1] INFO  o.l.s.config.RetryLoggingListener - [Retry] 重试第1次后成功，标签：riskAssessmentNode
2026-09-18 21:35:39 [parallel-node-action-thread-1] INFO  o.l.s.a.n.d.p.RiskAssessmentNode - 诊断处理侧-风险评估-完成，情绪风险：1，自伤风险：0，自杀风险：0，人工干预：0，危机预警：0
2026-09-18 21:35:39 [parallel-node-action-thread-1] INFO  o.l.s.a.n.d.p.InterventionSuggestionNode - 诊断处理侧-干预建议生成-开始
2026-09-18 21:35:39 [parallel-node-action-thread-7] INFO  o.l.s.a.n.d.k.QueryTransformLayerNode - 知识侧-查询变换层-完成，症状Query：情绪低落 缺乏动力 食欲不振，诊断Query：情绪低落 缺乏动力 食欲不振，干预Query：情绪低落 缺乏动力 食欲不振
2026-09-18 21:35:39 [parallel-node-action-thread-15] INFO  o.l.s.a.n.d.k.InterventionPlanRepositoryNode - 知识侧-查询干预方案库-开始
2026-09-18 21:35:39 [parallel-node-action-thread-12] INFO  o.l.s.a.n.d.k.DiagnosisStandardRepositoryNode - 知识侧-查询诊断标准库-开始
2026-09-18 21:35:39 [parallel-node-action-thread-11] INFO  o.l.s.a.n.d.k.SymptomKnowledgeRepositoryNode - 知识侧-查询症状知识库-开始
2026-09-18 21:35:39 [parallel-node-action-thread-11] INFO  o.l.s.a.n.d.k.SymptomKnowledgeRepositoryNode - 知识侧-查询症状知识库-完成，检索到 0 条记录
2026-09-18 21:35:39 [parallel-node-action-thread-12] INFO  o.l.s.a.n.d.k.DiagnosisStandardRepositoryNode - 知识侧-查询诊断标准库-完成，检索到 0 条记录
2026-09-18 21:35:39 [parallel-node-action-thread-15] INFO  o.l.s.a.n.d.k.InterventionPlanRepositoryNode - 知识侧-查询干预方案库-完成，检索到 0 条记录
2026-09-18 21:35:39 [parallel-node-action-thread-12] INFO  o.l.s.a.n.d.k.RerankLayerNode - 知识侧-重排层节点-开始
2026-09-18 21:35:39 [parallel-node-action-thread-12] INFO  o.l.s.a.n.d.k.RerankLayerNode - 知识侧-重排层节点-前置检查：存在空数据，空库数=3，重试次数[症状=2,诊断=2,干预=2]
2026-09-18 21:35:39 [parallel-node-action-thread-12] INFO  o.l.s.a.n.d.k.RerankLayerNode - 知识侧-重排层节点-前置检查：需要重试的类型[症状=true,诊断=true,干预=true]，路由到查询变换层
2026-09-18 21:35:39 [parallel-node-action-thread-12] INFO  o.l.s.a.n.d.k.RerankLayerNode - 知识侧-重排层节点-前置检查路由决策：retry_all，重试次数[症状=3,诊断=3,干预=3]
2026-09-18 21:35:39 [parallel-node-action-thread-12] INFO  o.l.s.a.n.d.k.QueryTransformLayerNode - 知识侧-查询变换层-开始
2026-09-18 21:35:39 [parallel-node-action-thread-12] INFO  o.l.s.a.n.d.k.QueryTransformLayerNode - 知识侧-查询变换层-重试执行，需要生成Query的类型[症状=true,诊断=true,干预=true]
2026-09-18 21:35:41 [parallel-node-action-thread-1] INFO  o.l.s.a.n.d.p.InterventionSuggestionNode - 诊断处理侧-干预建议生成-完成，建议优先级：2
2026-09-18 21:35:41 [parallel-node-action-thread-1] INFO  o.l.s.a.n.d.p.DiagnosisSummaryNode - 诊断处理侧-诊断书生成-开始
2026-09-18 21:35:44 [parallel-node-action-thread-12] INFO  o.l.s.a.n.d.k.QueryTransformLayerNode - 知识侧-查询变换层-完成，症状Query：情绪低落 动力缺乏 食欲不振，诊断Query：情绪低落 动力缺乏 食欲不振，干预Query：情绪低落 动力缺乏 食欲不振
2026-09-18 21:35:44 [parallel-node-action-thread-13] INFO  o.l.s.a.n.d.k.SymptomKnowledgeRepositoryNode - 知识侧-查询症状知识库-开始
2026-09-18 21:35:44 [parallel-node-action-thread-18] INFO  o.l.s.a.n.d.k.InterventionPlanRepositoryNode - 知识侧-查询干预方案库-开始
2026-09-18 21:35:44 [parallel-node-action-thread-17] INFO  o.l.s.a.n.d.k.DiagnosisStandardRepositoryNode - 知识侧-查询诊断标准库-开始
2026-09-18 21:35:44 [parallel-node-action-thread-13] INFO  o.l.s.a.n.d.k.SymptomKnowledgeRepositoryNode - 知识侧-查询症状知识库-完成，检索到 0 条记录
2026-09-18 21:35:44 [parallel-node-action-thread-17] INFO  o.l.s.a.n.d.k.DiagnosisStandardRepositoryNode - 知识侧-查询诊断标准库-完成，检索到 0 条记录
2026-09-18 21:35:44 [parallel-node-action-thread-18] INFO  o.l.s.a.n.d.k.InterventionPlanRepositoryNode - 知识侧-查询干预方案库-完成，检索到 0 条记录
2026-09-18 21:35:44 [parallel-node-action-thread-18] INFO  o.l.s.a.n.d.k.RerankLayerNode - 知识侧-重排层节点-开始
2026-09-18 21:35:44 [parallel-node-action-thread-18] INFO  o.l.s.a.n.d.k.RerankLayerNode - 知识侧-重排层节点-前置检查：存在空数据，空库数=3，重试次数[症状=3,诊断=3,干预=3]
2026-09-18 21:35:44 [parallel-node-action-thread-18] INFO  o.l.s.a.n.d.k.RerankLayerNode - 知识侧-重排层节点-前置检查：症状库重试次数耗尽，使用兜底内容
2026-09-18 21:35:44 [parallel-node-action-thread-18] INFO  o.l.s.a.n.d.k.RerankLayerNode - 知识侧-重排层节点-兜底内容已应用，症状=true，诊断=false，干预=false
2026-09-18 21:35:44 [parallel-node-action-thread-18] INFO  o.l.s.a.n.d.k.RerankLayerNode - 知识侧-重排层节点-前置检查：诊断标准库重试次数耗尽，使用兜底内容
2026-09-18 21:35:44 [parallel-node-action-thread-18] INFO  o.l.s.a.n.d.k.RerankLayerNode - 知识侧-重排层节点-兜底内容已应用，症状=false，诊断=true，干预=false
2026-09-18 21:35:44 [parallel-node-action-thread-18] INFO  o.l.s.a.n.d.k.RerankLayerNode - 知识侧-重排层节点-前置检查：干预方案库重试次数耗尽，使用兜底内容
2026-09-18 21:35:44 [parallel-node-action-thread-18] INFO  o.l.s.a.n.d.k.RerankLayerNode - 知识侧-重排层节点-兜底内容已应用，症状=false，诊断=false，干预=true
2026-09-18 21:35:44 [parallel-node-action-thread-18] INFO  o.l.s.a.n.d.k.RerankLayerNode - 知识侧-重排层节点-前置检查：所有空库重试次数已耗尽，已应用兜底内容，继续重排有数据的库
2026-09-18 21:35:44 [parallel-node-action-thread-18] INFO  o.l.s.a.n.d.k.RerankLayerNode - 知识侧-重排层节点-后置检查：重排后存在空结果，空库数=3，重试次数[症状=3,诊断=3,干预=3]
2026-09-18 21:35:44 [parallel-node-action-thread-18] INFO  o.l.s.a.n.d.k.RerankLayerNode - 知识侧-重排层节点-兜底内容已应用，症状=true，诊断=false，干预=false
2026-09-18 21:35:44 [parallel-node-action-thread-18] INFO  o.l.s.a.n.d.k.RerankLayerNode - 知识侧-重排层节点-兜底内容已应用，症状=false，诊断=true，干预=false
2026-09-18 21:35:44 [parallel-node-action-thread-18] INFO  o.l.s.a.n.d.k.RerankLayerNode - 知识侧-重排层节点-兜底内容已应用，症状=false，诊断=false，干预=true
2026-09-18 21:35:44 [parallel-node-action-thread-18] INFO  o.l.s.a.n.d.k.RerankLayerNode - 知识侧-重排层节点-后置检查路由决策：end，重试次数[症状=3,诊断=3,干预=3]
2026-09-18 21:35:44 [DiagnosisThread-9] INFO  o.l.s.a.n.d.graph.KnowledgeGraph - KnowledgeGraph-执行完成，症状0条，诊断0条，干预0条
2026-09-18 21:35:44 [DiagnosisThread-9] INFO  o.l.s.a.node.diagnosis.KnowledgeNode - 诊断流程-知识侧节点-完成
2026-09-18 21:35:44 [DiagnosisThread-9] INFO  o.l.s.ai.node.diagnosis.ProcessNode - 诊断流程-处理侧节点-开始
2026-09-18 21:35:44 [parallel-node-action-thread-14] INFO  o.l.s.a.n.d.p.ComprehensiveDiagnosisNode - 诊断处理侧-情绪综合分析-开始
2026-09-18 21:35:44 [parallel-node-action-thread-25] INFO  o.l.s.a.n.d.p.SocialFunctionImpactNode - 诊断处理侧-社会功能影响评估-开始
2026-09-18 21:35:44 [parallel-node-action-thread-20] INFO  o.l.s.a.n.d.p.DiseaseCourseAttributionNode - 诊断处理侧-病程归因组-开始
2026-09-18 21:35:44 [parallel-node-action-thread-26] INFO  o.l.s.a.n.d.p.RiskAssessmentNode - 诊断处理侧-风险评估-开始
2026-09-18 21:35:44 [parallel-node-action-thread-16] INFO  o.l.s.a.n.d.p.PsychologicalStateNode - 诊断处理侧-心理状态与症状评估-开始
2026-09-18 21:35:44 [parallel-node-action-thread-24] INFO  o.l.s.a.n.d.p.ProtectiveFactorNode - 诊断处理侧-保护性因素分析-开始
2026-09-18 21:35:45 [parallel-node-action-thread-16] INFO  o.l.s.a.n.d.p.PsychologicalStateNode - 诊断处理侧-心理状态与症状评估-完成，心理状态：抑郁情绪困扰，症状标签：情绪低落,动力缺乏,食欲不振,社交退缩,回避社交
2026-09-18 21:35:46 [parallel-node-action-thread-25] INFO  o.l.s.a.n.d.p.SocialFunctionImpactNode - 诊断处理侧-社会功能影响评估-完成，受损程度：中度受损，影响领域：社交减少,食欲受影响,日常活动动力下降
2026-09-18 21:35:47 [parallel-node-action-thread-1] INFO  o.l.s.a.n.d.p.DiagnosisSummaryNode - 诊断处理侧-诊断书生成-完成，核心情绪标签：抑郁，置信度：0.72，强度：0.55
2026-09-18 21:35:47 [DiagnosisThread-14] INFO  o.l.s.a.n.d.graph.ProcessGraph - ProcessGraph-执行成功
2026-09-18 21:35:47 [DiagnosisThread-14] INFO  o.l.s.ai.node.diagnosis.ProcessNode - 诊断流程-处理侧节点-完成
2026-09-18 21:35:47 [DiagnosisThread-14] INFO  o.l.s.a.n.d.DiagnosisPersistNode - 诊断流程-诊断数据持久化-开始
2026-09-18 21:35:47 [DiagnosisThread-14] INFO  o.l.s.a.n.d.DiagnosisPersistNode - 诊断流程-诊断数据持久化-保存成功，会话ID：2100941138864812033
2026-09-18 21:35:47 [DiagnosisThread-14] INFO  o.l.s.a.n.d.graph.DiagnosisGraph - DiagnosisGraph-执行成功
2026-09-18 21:35:47 [parallel-node-action-thread-14] INFO  o.l.s.a.n.d.p.ComprehensiveDiagnosisNode - 诊断处理侧-情绪综合分析-完成，负向细分：{悲伤=1.0}，正向细分：{}
2026-09-18 21:35:49 [parallel-node-action-thread-20] INFO  o.l.s.a.n.d.p.DiseaseCourseAttributionNode - 诊断处理侧-病程归因组-完成，核心触发场景：人际关系，发作模式：持续性
2026-09-18 21:35:49 [parallel-node-action-thread-24] INFO  o.l.s.a.n.d.p.ProtectiveFactorNode - 诊断处理侧-保护性因素分析-完成，社会支持水平：1，应对方式：倾诉
2026-09-18 21:35:52 [parallel-node-action-thread-26] INFO  o.l.s.a.n.d.p.RiskAssessmentNode - 诊断处理侧-风险评估-完成，情绪风险：2，自伤风险：1，自杀风险：0，人工干预：1，危机预警：0
2026-09-18 21:35:52 [parallel-node-action-thread-26] INFO  o.l.s.a.n.d.p.InterventionSuggestionNode - 诊断处理侧-干预建议生成-开始
2026-09-18 21:35:56 [parallel-node-action-thread-26] INFO  o.l.s.a.n.d.p.InterventionSuggestionNode - 诊断处理侧-干预建议生成-完成，建议优先级：3
2026-09-18 21:35:56 [parallel-node-action-thread-26] INFO  o.l.s.a.n.d.p.DiagnosisSummaryNode - 诊断处理侧-诊断书生成-开始
2026-09-18 21:36:00 [parallel-node-action-thread-26] INFO  o.l.s.a.n.d.p.DiagnosisSummaryNode - 诊断处理侧-诊断书生成-完成，核心情绪标签：抑郁，置信度：0.78，强度：0.58
2026-09-18 21:36:00 [DiagnosisThread-9] INFO  o.l.s.a.n.d.graph.ProcessGraph - ProcessGraph-执行成功
2026-09-18 21:36:00 [DiagnosisThread-9] INFO  o.l.s.ai.node.diagnosis.ProcessNode - 诊断流程-处理侧节点-完成
2026-09-18 21:36:00 [DiagnosisThread-9] INFO  o.l.s.a.n.d.DiagnosisPersistNode - 诊断流程-诊断数据持久化-开始
2026-09-18 21:36:00 [DiagnosisThread-9] INFO  o.l.s.a.n.d.DiagnosisPersistNode - 诊断流程-诊断数据持久化-保存成功，会话ID：2100941138864812033
2026-09-18 21:36:00 [DiagnosisThread-9] INFO  o.l.s.a.n.d.graph.DiagnosisGraph - DiagnosisGraph-执行成功
2026-09-18 21:36:03 [parallel-node-action-thread-8] INFO  o.l.s.a.n.d.i.SymptomNormalizeNode - 输入侧-语义归一化处理-模型匹配成功：0，未匹配保留原文：7
2026-09-18 21:36:03 [parallel-node-action-thread-8] INFO  o.l.s.a.n.d.i.SymptomNormalizeNode - 输入侧-语义归一化处理-完成，标准化标签数：7
2026-09-18 21:36:03 [XNIO-1 task-3] INFO  o.l.c.a.f.JwtAuthenticationTokenFilter - 开始令牌校验
2026-09-18 21:36:03 [XNIO-1 task-3] INFO  o.l.c.a.f.JwtAuthenticationTokenFilter - 令牌中存放的id为2096823365855289345，类型为USER
2026-09-18 21:36:03 [XNIO-1 task-3] INFO  o.l.s.c.u.c.EmotionAnalysisController - 分页查询情绪分析: 2100941138864812033, 1, 10
2026-09-18 21:36:04 [XNIO-1 task-3] INFO  o.l.c.a.f.JwtAuthenticationTokenFilter - 开始令牌校验
2026-09-18 21:36:04 [XNIO-1 task-3] INFO  o.l.c.a.f.JwtAuthenticationTokenFilter - 令牌中存放的id为2096823365855289345，类型为USER
2026-09-18 21:36:04 [XNIO-1 task-3] INFO  o.l.s.c.u.c.EmotionDiagnosisController - 按会话ID分页查询诊断书: conversationId=2100941138864812033, pageNum=1, pageSize=5
2026-09-18 21:36:13 [XNIO-1 task-3] INFO  o.l.c.a.f.JwtAuthenticationTokenFilter - 开始令牌校验
2026-09-18 21:36:13 [XNIO-1 task-3] INFO  o.l.c.a.f.JwtAuthenticationTokenFilter - 令牌中存放的id为2096823365855289345，类型为USER
2026-09-18 21:36:13 [XNIO-1 task-3] INFO  o.l.s.c.u.c.EmotionDiagnosisController - 获取诊断书详情: 9
2026-09-18 21:36:16 [XNIO-1 task-3] INFO  o.l.c.a.f.JwtAuthenticationTokenFilter - 开始令牌校验
2026-09-18 21:36:16 [XNIO-1 task-3] INFO  o.l.c.a.f.JwtAuthenticationTokenFilter - 令牌中存放的id为2096823365855289345，类型为USER
2026-09-18 21:36:16 [XNIO-1 task-3] INFO  o.l.s.c.u.c.EmotionDiagnosisController - 获取诊断书详情: 10
2026-09-18 21:36:19 [XNIO-1 task-3] INFO  o.l.c.a.f.JwtAuthenticationTokenFilter - 开始令牌校验
2026-09-18 21:36:19 [XNIO-1 task-3] INFO  o.l.c.a.f.JwtAuthenticationTokenFilter - 令牌中存放的id为2096823365855289345，类型为USER
2026-09-18 21:36:19 [XNIO-1 task-3] INFO  o.l.s.c.u.c.EmotionDiagnosisController - 按会话ID分页查询诊断书: conversationId=2100941138864812033, pageNum=1, pageSize=5
2026-09-18 21:36:26 [XNIO-1 task-3] INFO  o.l.c.a.f.JwtAuthenticationTokenFilter - 开始令牌校验
2026-09-18 21:36:26 [XNIO-1 task-3] INFO  o.l.c.a.f.JwtAuthenticationTokenFilter - 令牌中存放的id为2096823365855289345，类型为USER
2026-09-18 21:36:26 [XNIO-1 task-3] INFO  o.l.s.c.u.c.EmotionDiagnosisController - 获取诊断书详情: 10
2026-09-18 21:36:41 [default-executor-shutdown-hook] INFO  c.a.c.a.g.internal.node.ParallelNode - Shutting down ParallelNode default executor
2026-09-18 21:36:41 [parallel-node-action-thread-27] INFO  c.a.c.a.g.internal.node.ParallelNode - ParallelNode default thread pool terminated
2026-09-18 21:36:41 [default-executor-shutdown-hook] INFO  c.a.c.a.g.internal.node.ParallelNode - ParallelNode default executor shut down successfully
2026-09-18 21:36:41 [SpringApplicationShutdownHook] INFO  o.s.b.w.e.undertow.UndertowWebServer - Commencing graceful shutdown. Waiting for active requests to complete
2026-09-18 21:36:41 [SpringApplicationShutdownHook] INFO  o.s.b.w.e.undertow.UndertowWebServer - Graceful shutdown complete
2026-09-18 21:36:41 [SpringApplicationShutdownHook] INFO  io.undertow - stopping server: Undertow - 2.3.18.Final
2026-09-18 21:36:41 [SpringApplicationShutdownHook] INFO  io.undertow.servlet - Destroying Spring FrameworkServlet 'dispatcherServlet'
2026-09-18 21:36:41 [SpringApplicationShutdownHook] INFO  o.l.c.w.l.WebSocketEventListener - 客户端下线-用户ID2096823365855289345
2026-09-18 21:36:41 [SpringApplicationShutdownHook] INFO  o.s.m.s.b.SimpleBrokerMessageHandler - Stopping...
2026-09-18 21:36:41 [SpringApplicationShutdownHook] INFO  o.s.m.s.b.SimpleBrokerMessageHandler - BrokerAvailabilityEvent[available=false, SimpleBrokerMessageHandler [org.springframework.messaging.simp.broker.DefaultSubscriptionRegistry@44e2d573]]
2026-09-18 21:36:41 [SpringApplicationShutdownHook] INFO  o.s.m.s.b.SimpleBrokerMessageHandler - Stopped.
2026-09-18 21:36:41 [SpringApplicationShutdownHook] INFO  o.l.c.core.manager.ShutdownManager - ====关闭后台任务任务线程池====
2026-09-18 21:36:41 [SpringApplicationShutdownHook] INFO  o.l.s.i.audio.AsrConnectionManager - ASR连接管理器关闭，清理所有会话
2026-09-18 21:36:41 [SpringApplicationShutdownHook] INFO  o.l.s.i.audio.AsrConnectionManager - NlsClient已关闭
2026-09-18 21:36:41 [SpringApplicationShutdownHook] INFO  o.l.s.s.ConversationAggregateScheduler - 开始关闭语音聚合调度器...
2026-09-18 21:36:41 [SpringApplicationShutdownHook] INFO  o.l.s.s.ConversationAggregateScheduler - 语音聚合调度器已关闭
2026-09-18 21:36:41 [SpringApplicationShutdownHook] INFO  o.l.s.i.audio.TtsConnectionManager - TTS连接管理器关闭，清理所有会话
2026-09-18 21:36:41 [SpringApplicationShutdownHook] INFO  o.l.s.i.audio.TtsConnectionManager - TTS NlsClient已关闭
2026-09-18 21:36:41 [SpringApplicationShutdownHook] INFO  org.lixiyun.server.ai.rag.RagStore - 开始关闭RAG文件处理线程池...
2026-09-18 21:36:41 [SpringApplicationShutdownHook] INFO  org.lixiyun.server.ai.rag.RagStore - RAG文件处理线程池已关闭
2026-09-18 21:36:41 [SpringApplicationShutdownHook] INFO  c.b.d.d.DynamicRoutingDataSource - dynamic-datasource start closing ....
2026-09-18 21:36:41 [SpringApplicationShutdownHook] INFO  com.zaxxer.hikari.HikariDataSource - master - Shutdown initiated...
2026-09-18 21:36:41 [SpringApplicationShutdownHook] INFO  com.zaxxer.hikari.HikariDataSource - master - Shutdown completed.
2026-09-18 21:36:41 [SpringApplicationShutdownHook] INFO  c.b.d.d.d.DefaultDataSourceDestroyer - dynamic-datasource close the datasource named [master] success,
2026-09-18 21:36:41 [SpringApplicationShutdownHook] INFO  c.b.d.d.DynamicRoutingDataSource - dynamic-datasource all closed success,bye
